Site (DCM),Platform
Linkedin UK,Social
IT Knowledge Store,Display
The Internet Works,Display
Elite Business Magazine,Display
Sage_DBM_UK,Display
facebook UK,Social
ICAEW,Display
All 4,Display
BT Sport,Display
TVTY,Display
itv.com,Display
Sage_DBM_IE,Display
Capterra,Display
Leadscale,Display
pymesyautonomos.com,Display
Start Your Business,Display
PMPLinkedinES ,Social
PaidSocialFacebook ,Social
OGURY,Display
PaidSocial@Linkedin,Social
Boursorama (fr),Display
masha-sedgwick.com,Display
Programmatic Buying,Display
EMM@Adgravity,Display
DBM,Display
taboola.com,Display
Facebook,Social
QuantCast,Display
RTBNEO ,Display
RTB@NEO,Display
Facebook DE,Social
Outbrain DE,Display
Google DE,Display
EMMSunMediaES ,Display
Supercontable,Display
DBM Neo@Ogilvy AU -1725474511-Sage AU,Display
FairfaxDigital,Display
Kochie's Business Builders,Display
MSN.com_ME,Display
arabianbusiness.com,Display
LinkedIn AU,Social
Linkedin 1,Social
Linked.in DE,Social
Facebook Inc,Social
Linkedin,Social
Invite Media,Display
linkedin FR,Social
invitemedia.com,Display
Lynchpin/Intelligentcio,Display
Building Design & Construction,Display
Construction Executive,Display
Contracting Business,Display
agc.org 1,Display
Twitter,Social
ES.CePymeNews.OMD,Display
El Economista.es,Display
ElBlogSalmon,Display
Expansion,Display
PMPSoftonic ,Display
PremiumExponential ,Display
Pymes y Autonomos,Display
infoautonomos.com,Display
Owner IQ,Display
gmail.google.com,Display
Facebook FR,Social
techtarget.fr,Display
Teads FR,Display
Engineering News Record,Display
contractormag.com,Display
PremiumDiariodeNoticiasPT,Display
PremiumDinheirovivo.pt,Display
Accountants Daily,Display
Fast Company,Display
Plista AU,Display
The Roar AU,Display
Geronimo (AU),Display
linkedin.com,Social
DART Search : Google,Search
DART Search : Google : 53355,Search
DART Search : Google : 53357,Search
DART Search : MSN,Search
DART Search : MSN : 53355,Search
DART Search : MSN : 53357,Search
Cover-PR,Display
BidManager_DfaSite_506600,Display
accountingweb.co.uk,Display
Add Site Test,Display
affectv.co.uk,Display
Awin (ex Zanox),Display
BeOpinion,Display
Construction Business Owner,Display
Dennis Publishing,Display
Emailing Network 2016,Display
"Facebook Inc – Instagram, LLC",Social
Gründerküche,Display
IDG Tech Network,Display
Inbound@Outbrain,Display
Infobolsa,Display
IT Central Station,Display
"Madison Logic, Inc",Display
MyBroadband,Display
Opera Mini,Display
PaidSocial@Twitter,Social
Premium@Jornaldenegocios_PT,Display
PremiumChannelbiz,Display
PremiumDirectorTic,Display
PremiumElMundo ,Display
PremiumElPais ,Display
PremiumNewsBook,Display
PremiumRRHHDigitalesES ,Display
PremiumSosfeES ,Display
Silicon News Spain,Display
SpiceWorks,Display
Tic Beat,Display
wetransfer.com,Display
Mechatronik,Display
Neue-verpackung.de 1,Display
Technischerhandel,Display
fertigung.de,Display
R1 Demand,Display
industrieanzeiger.de,Display
B2B Media Group DE,Display
ccmbenchmark.com,Display
