Activity,ActivityName
Audience_ACC_sageonede_SABCB_,Audience_ACC_sageonede_SABCB_
Audience_Payroll_sageonede_lohn-und-gehalt_SABCL_,Audience_Payroll_sageonede_lohn-und-gehalt_SABCL_
Dynamic_audience_tag,Dynamic_audience_tag
FL_AWIN_Journey,FL_AWIN_Journey
FL_AWIN_Tracking_Script,FL_AWIN_Tracking_Script
Audience_FIN_landing_sagede_finanzen_CRFG_,Audience_FIN_landing_sagede_finanzen_CRFG_
Sage SBShop Checkout page DE_CONV_SALE_SSBS_SWO_IBUY_,Sage SBShop Checkout page DE_CONV_SALE_SSBS_SWO_IBUY_
Sage SBShop confirm page DE,Sage SBShop confirm page DE
Sage SBShop shippingPayment page DE,Sage SBShop shippingPayment page DE
Audience_BMS_produkte_sagede_sage100cloud_S100C_,Audience_BMS_produkte_sagede_sage100cloud_S100C_
Conversion_Sage_SageOfficeLine_Confirmation_CONV_SOO_SWO_ITRS_,Conversion_Sage_SageOfficeLine_Confirmation_CONV_SOO_SWO_ITRS_
Sage Global_Sage_100_Produkttour_SHUN_CONV_ITRS_,Sage Global_Sage_100_Produkttour_SHUN_CONV_ITRS_
Sage Global_Accounting_CONV_page DE #L1_SGO_SWO_ITRS_,Sage Global_Accounting_CONV_page DE #L1_SGO_SWO_ITRS_
Sage Global_Accounting_CONV_page DE_SGO_SWO_ITRS_,Sage Global_Accounting_CONV_page DE_SGO_SWO_ITRS_
Sage One Lohn & Gehalt 30 Tage Test_CONV_SOP_SSP_ITRS_,Sage One Lohn & Gehalt 30 Tage Test_CONV_SOP_SSP_ITRS_
Sage One Payroll - Jetzt 30 Tage kostenlos testen _CONV_ITRS,Sage One Payroll - Jetzt 30 Tage kostenlos testen _CONV_ITRS
Audience_kampagnensagede,Audience_kampagnensagede
Conversion_kampagnensagede,Conversion_kampagnensagede
Sagex3.com_Remarketing_Sage Global_Business Management Solutions_SGX_Landing page DE,Sagex3.com_Remarketing_Sage Global_Business Management Solutions_SGX_Landing page DE
Audience_BMS_landing_sagede_software_erp_ENTM_,Audience_BMS_landing_sagede_software_erp_ENTM_
Audience_Payroll_sage-entgeltde_SABCLP_,Audience_Payroll_sage-entgeltde_SABCLP_
Homepage - Sage Treuhandangebot,Homepage - Sage Treuhandangebot
Sage Live_trial submissions_Button onClick_Guided Tour_SGL_CONV_ITRS_,Sage Live_trial submissions_Button onClick_Guided Tour_SGL_CONV_ITRS_
Sage SBShop cart page DE,Sage SBShop cart page DE
Audience_People_produkte_sagede_sage-people_SABCP_,Audience_People_produkte_sagede_sage-people_SABCP_
Registrierung Einfachlohn_CONV_SOP_ITRS_,Registrierung Einfachlohn_CONV_SOP_ITRS_
Sage Summit_Transactions_SSUMMIT_,Sage Summit_Transactions_SSUMMIT_
Audience_Payroll_landing_sagede_solution-payroll_PAYR_,Audience_Payroll_landing_sagede_solution-payroll_PAYR_
Sage Solution Office Online_CONV_1_SOO_SWO_ITRS_,Sage Solution Office Online_CONV_1_SOO_SWO_ITRS_
Audience_People_landing_sagede_sage-hr-suite_SAHRSP_,Audience_People_landing_sagede_sage-hr-suite_SAHRSP_
Conversion 1 Guided Tour CRM-X-Sell _CONV _ITRS _SHUN_SWO_,Conversion 1 Guided Tour CRM-X-Sell _CONV _ITRS _SHUN_SWO_
Conversion 2 Guided Tour CRM-X-Sell_CONV,Conversion 2 Guided Tour CRM-X-Sell_CONV
Retargeting CRM-X-Sell,Retargeting CRM-X-Sell
Sage Global_Business Management Solutions_SGX Tour_CONV_page DE_ITRS_,Sage Global_Business Management Solutions_SGX Tour_CONV_page DE_ITRS_
Sage Solution Office Online_CONV_2_SOO_SWO_ITRS_,Sage Solution Office Online_CONV_2_SOO_SWO_ITRS_
BMSHWNBlanding.sage.dekostenlostesten_landing.sage.de/downloadcenter/danke.php_CONV_S50EC_SWO_ITRS_,BMSHWNBlanding.sage.dekostenlostesten_landing.sage.de/downloadcenter/danke.php_CONV_S50EC_SWO_ITRS_
Conversion -Sage.de Shop_CONV #1_SFS_SWO_DOWN_,Conversion -Sage.de Shop_CONV #1_SFS_SWO_DOWN_
Audience_ACC_landing_sagede-buchhaltung_SABCB_,Audience_ACC_landing_sagede-buchhaltung_SABCB_
SSAO_sage-office-online,SSAO_sage-office-online
Sage Global_Sage50 Confirmation page DE_CONV #L1_SFIF_SWO_ITRS_,Sage Global_Sage50 Confirmation page DE_CONV #L1_SFIF_SWO_ITRS_
Sage_Accounting_Ratgeber_B_6Phasen_INQ_CONV_SWO_DOWN_,Sage_Accounting_Ratgeber_B_6Phasen_INQ_CONV_SWO_DOWN_
Audience_landing_sagede_solution-hr_SSP_,Audience_landing_sagede_solution-hr_SSP_
Conversion_Sage Office Line_Registrierung Infopaket_CONV #L2 _SHUN_DOWN_,Conversion_Sage Office Line_Registrierung Infopaket_CONV #L2 _SHUN_DOWN_
Sage Global_Business Management Solutions Demo_CONV_page DE_SGX_SSBMS_ITRS_,Sage Global_Business Management Solutions Demo_CONV_page DE_SGX_SSBMS_ITRS_
Entgelt und Personal Testzugang _CONV_SEG_SSP_ITRS_,Entgelt und Personal Testzugang _CONV_SEG_SSP_ITRS_
Sage Summit_Transactions_Registrierung_SSUMMIT_,Sage Summit_Transactions_Registrierung_SSUMMIT_
Conv_Landing_sagede_software_erp_digitale-archivierung-danke_DOWN_,Conv_Landing_sagede_software_erp_digitale-archivierung-danke_DOWN_
Sage Global_HRPayroll_SHP_CONV_Entgelt_Testkonto DE #L1_SEG_SSP_ITRS_,Sage Global_HRPayroll_SHP_CONV_Entgelt_Testkonto DE #L1_SEG_SSP_ITRS_
Non-Conversion FL,Non-Conversion FL
Accounting|FY18|Q4|LP|ACG_18Q4_NCM_CA_DGPS_AC0840_ACCAPDEN,Accounting|FY18|Q4|LP|ACG_18Q4_NCM_CA_DGPS_AC0840_ACCAPDEN
Accounting|FY17|Q4|LP|brochure,Accounting|FY17|Q4|LP|brochure
Accounting|FY17|Q4|LP|login,Accounting|FY17|Q4|LP|login
Accounting|FY17|Q4|LP|sageone/reports,Accounting|FY17|Q4|LP|sageone/reports
Accounting|FY17|Q4|TY|uk/bf/yodlee/bank_accounts/708166/fast_link,Accounting|FY17|Q4|TY|uk/bf/yodlee/bank_accounts/708166/fast_link
Accounting|FY18|Q4|LP|BOFURetargeting,Accounting|FY18|Q4|LP|BOFURetargeting
FY18|Q4|LP|SmallBusinessRetargeting,FY18|Q4|LP|SmallBusinessRetargeting
HR&Payroll|FY18|Q4|LP|BOFURetargeting,HR&Payroll|FY18|Q4|LP|BOFURetargeting
Payments|FY18|Q2|LP|SagePayHomepage,Payments|FY18|Q2|LP|SagePayHomepage
Payments|FY18|Q3|FP|2017-landscape-report,Payments|FY18|Q3|FP|2017-landscape-report
Payments|FY18|Q3|LP|sagepay.co.uk,Payments|FY18|Q3|LP|sagepay.co.uk
Sage One Free Trial Dynamic tag,Sage One Free Trial Dynamic tag
SmallBusiness|Payments|FY18|Q4|LP|BOFURetargeting,SmallBusiness|Payments|FY18|Q4|LP|BOFURetargeting
Sage Intelligence LP,Sage Intelligence LP
Sage One Login,Sage One Login
Fairsail,Fairsail
SAGE_IRE Sage50c_LP,SAGE_IRE Sage50c_LP
Sage One Accountants_AYAA - FOM - UVI4_OC_v2,Sage One Accountants_AYAA - FOM - UVI4_OC_v2
Sage_UK_My_Sage_Help_LP,Sage_UK_My_Sage_Help_LP
UK SageOne Homepage,UK SageOne Homepage
Sage Pay_Homepage_v2,Sage Pay_Homepage_v2
CoreFinancials|FY18|Q3|TY|ACG_18Q1_NCM_GBIE_DGWW_ER0260_GuidedTour_ITRS_,CoreFinancials|FY18|Q3|TY|ACG_18Q1_NCM_GBIE_DGWW_ER0260_GuidedTour_ITRS_
Sage Global_Accountants Landing page OPL_ES,Sage Global_Accountants Landing page OPL_ES
Sage Global_Accounting Landing page ES,Sage Global_Accounting Landing page ES
Sage.com_AudienceTag_LP,Sage.com_AudienceTag_LP
SAGE_Local_Account_Transaction_Report_Click_Counter_DO NOT USE,SAGE_Local_Account_Transaction_Report_Click_Counter_DO NOT USE
SAGE_Local_Accounting_Products_Accounting_Software_Landing_Page_ZA,SAGE_Local_Accounting_Products_Accounting_Software_Landing_Page_ZA
Sage_ZA_Product Pages_Landing Page,Sage_ZA_Product Pages_Landing Page
Sage_Global_Accounting_Confirmation_BuyNow_IBUY_CONV_ZA,Sage_Global_Accounting_Confirmation_BuyNow_IBUY_CONV_ZA
Sage_Shop_Ecommerce_Landing Page,Sage_Shop_Ecommerce_Landing Page
SageONE_Home page ES_OPL,SageONE_Home page ES_OPL
SageONE_Landing pages ES_OPL,SageONE_Landing pages ES_OPL
SageContaPlus_LP_OPL_ES,SageContaPlus_LP_OPL_ES
SageTienda_Home page OPL_ES,SageTienda_Home page OPL_ES
Sage.com_FormTag,Sage.com_FormTag
SAGE|Global Floodlight Tag|FY18|Q1|,SAGE|Global Floodlight Tag|FY18|Q1|
Sage_Accountants_Best Practice_Free_Trial_Demo_LP,Sage_Accountants_Best Practice_Free_Trial_Demo_LP
Sage_Accounting & Practice Management_HandiSoft__Support_Contact_FP,Sage_Accounting & Practice Management_HandiSoft__Support_Contact_FP
Sage_GENERAL_All__Enquiry_Contact_FP,Sage_GENERAL_All__Enquiry_Contact_FP
Sage_Accounting_SageOne_LP,Sage_Accounting_SageOne_LP
Sage_payroll & HR_ConnX_LP,Sage_payroll & HR_ConnX_LP
SAGE_Local_HRP_Customer_Zone_LandingPage,SAGE_Local_HRP_Customer_Zone_LandingPage
Sage_Accounting.Sage_FreeTrial_LandingPage_ZA,Sage_Accounting.Sage_FreeTrial_LandingPage_ZA
Africa_Accounting Sign Up_CONV_ITRS_,Africa_Accounting Sign Up_CONV_ITRS_
SAGE_Local_Accounting_Customer_Zone_LandingPage,SAGE_Local_Accounting_Customer_Zone_LandingPage
SAGE_Local_HRP_Products_Software_Landing_Page_ZA,SAGE_Local_HRP_Products_Software_Landing_Page_ZA
SAGE_Local_Pastel_Xpress_Advantage_Landing_Page_ZA,SAGE_Local_Pastel_Xpress_Advantage_Landing_Page_ZA
SAGE_France_non_conversion,SAGE_France_non_conversion
2018|Q4|Sage|ZA|Accounting Medium Segment|_ACGRC_|Programmatic|D010118POH000451|_LP,2018|Q4|Sage|ZA|Accounting Medium Segment|_ACGRC_|Programmatic|D010118POH000451|_LP
Sage One Accounting _FOM - UVI4_OC_v2,Sage One Accounting _FOM - UVI4_OC_v2
Accounting|FY18|Q3|TY|ACG_18Q2_C4L_GB_DGEO_AC0220_50cGCL_Webinar_CONT_,Accounting|FY18|Q3|TY|ACG_18Q2_C4L_GB_DGEO_AC0220_50cGCL_Webinar_CONT_
Accounting|FY17|Q4|TY|uk/direct_debits/wizard_IBUY_,Accounting|FY17|Q4|TY|uk/direct_debits/wizard_IBUY_
P&P|FY18|Q1|LP|sage-people,P&P|FY18|Q1|LP|sage-people
Accounting|FY17|Q4|TY|settings/services/manage_CONV_IBUY_,Accounting|FY17|Q4|TY|settings/services/manage_CONV_IBUY_
Accounting|FY18|Q3|TY|settings/stripe_settings,Accounting|FY18|Q3|TY|settings/stripe_settings
Accounting|FY17|Q4|TY|uk/conversion_ITRS_,Accounting|FY17|Q4|TY|uk/conversion_ITRS_
Sage Global_Accounting Confirmation page_CONT_ES,Sage Global_Accounting Confirmation page_CONT_ES
SageMurano_Home page ES_OPL,SageMurano_Home page ES_OPL
Sage_Global_Accounting_Confirmation_2_CONT_ES,Sage_Global_Accounting_Confirmation_2_CONT_ES
Sage_Accountants Landing Page_PT_OPL,Sage_Accountants Landing Page_PT_OPL
Sage_Accounting Landing Page_PT_OPL,Sage_Accounting Landing Page_PT_OPL
Sage_Accountants Trial_CONT_PT_OC_CONV,Sage_Accountants Trial_CONT_PT_OC_CONV
Sage_Cross_CONT_Trial_PT_OC_CONV,Sage_Cross_CONT_Trial_PT_OC_CONV
Sage_Cross Landing Page_PT_OPL,Sage_Cross Landing Page_PT_OPL
Sage_BMS Landing page_PT_OPL,Sage_BMS Landing page_PT_OPL
One|CA|FY17|Q2|LandingPage|ca/sage-one,One|CA|FY17|Q2|LandingPage|ca/sage-one
SAS|LP|ACS_17Q4_NCM_CA_DGPS_AY0100_SANContactUsBrandPaidSearchCAEN,SAS|LP|ACS_17Q4_NCM_CA_DGPS_AY0100_SANContactUsBrandPaidSearchCAEN
BMS|X3|FY18|Q1|LP|BMS_18Q1_NCM_CA_DGPS_GLOBMS_ABM,BMS|X3|FY18|Q1|LP|BMS_18Q1_NCM_CA_DGPS_GLOBMS_ABM
Enterprise|FY19|H1|LP|BMS_18Q4_NCM_CA_DGEE_ER0480_Sage300genericNCA,Enterprise|FY19|H1|LP|BMS_18Q4_NCM_CA_DGEE_ER0480_Sage300genericNCA
Accounting|FY18|Q3|TY|OnClick|FreeTrial|ca/sage-50-accounting/try_ITRS_,Accounting|FY18|Q3|TY|OnClick|FreeTrial|ca/sage-50-accounting/try_ITRS_
100/300|FY17|Q1|LandingPage|ca/erp/sage-300,100/300|FY17|Q1|LandingPage|ca/erp/sage-300
Accounting|FY18|Q4|TY|OnClick|BuyNowAccounting|ACG_18Q4_NCM_CA_DGPS_AC0840_ACCAPDEN,Accounting|FY18|Q4|TY|OnClick|BuyNowAccounting|ACG_18Q4_NCM_CA_DGPS_AC0840_ACCAPDEN
Accounting|FY18|Q4|TY|OnClick|FreeTrialAccounting|ACG_18Q4_NCM_CA_DGPS_AC0840_ACCAPDEN,Accounting|FY18|Q4|TY|OnClick|FreeTrialAccounting|ACG_18Q4_NCM_CA_DGPS_AC0840_ACCAPDEN
https://mysageone.ca.sageone.com/signup/welcome?redirect=_v2_ITRS_,https://mysageone.ca.sageone.com/signup/welcome?redirect=_v2_ITRS_
Buy Page_v2,Buy Page_v2
Home Page FR_v2,Home Page FR_v2
50CA|LP|/ca/sage-50-accounting/add-ons,50CA|LP|/ca/sage-50-accounting/add-ons
Add-on_v2,Add-on_v2
Check Out Step 1_v2,Check Out Step 1_v2
Check Out Step 2_v2,Check Out Step 2_v2
Check Out Step 3_v2,Check Out Step 3_v2
Sage|Sage50CA|EN|AccountInfo|Oct2016,Sage|Sage50CA|EN|AccountInfo|Oct2016
Sage|Sage50CA|EN|Features|Oct2016,Sage|Sage50CA|EN|Features|Oct2016
LIveCA|FY17|Q2|Conv|ca/sage-live_INQ,LIveCA|FY17|Q2|Conv|ca/sage-live_INQ
SAGEFRANCE_SAGE ONE_V2_LP,SAGEFRANCE_SAGE ONE_V2_LP
SAGEFRANCE_Accounting_Sage One V3_LP,SAGEFRANCE_Accounting_Sage One V3_LP
SAGE_FRANCE_GoSage_GuidedTour_LP,SAGE_FRANCE_GoSage_GuidedTour_LP
SAGE FRANCE_CIEL_MiseEnPanier_Button,SAGE FRANCE_CIEL_MiseEnPanier_Button
SAGE France_All_Black Friday_LP,SAGE France_All_Black Friday_LP
SAGE_FRANCE_CIEL_BlackFriday_LP,SAGE_FRANCE_CIEL_BlackFriday_LP
SAGE France_SAGE ONE_Try_V2_CONV_ITRS_,SAGE France_SAGE ONE_Try_V2_CONV_ITRS_
SAGEFRANCE_SAGE ONE_devis -facture_LP,SAGEFRANCE_SAGE ONE_devis -facture_LP
SAGE France_Sage50cloudCiel|ComptaGestion-Premium_Black Friday_CONV,SAGE France_Sage50cloudCiel|ComptaGestion-Premium_Black Friday_CONV
SAGE France_BestDeals|Sage50cloudCielComptaEssentials_Black Friday_CONV,SAGE France_BestDeals|Sage50cloudCielComptaEssentials_Black Friday_CONV
Payments|FY18|Q1|LP|2018-midmarket,Payments|FY18|Q1|LP|2018-midmarket
Payments|FY18|Q3|LP|midmarket/fraudCX,Payments|FY18|Q3|LP|midmarket/fraudCX
People&Payroll|People|FY18|Q2|LP|sagepeople.com/know-your-people/research-report,People&Payroll|People|FY18|Q2|LP|sagepeople.com/know-your-people/research-report
People&Payroll|People|FY18|Q2|TY|OnClick|Download|sagepeople.com/know-your-people/research-report_DOWN_,People&Payroll|People|FY18|Q2|TY|OnClick|Download|sagepeople.com/know-your-people/research-report_DOWN_
CRE|FY17|Q4|LP|Sage100CRE-PPC-ViewDemo,CRE|FY17|Q4|LP|Sage100CRE-PPC-ViewDemo
CRE|FY17|Q4|LP|Sage300CRE-PPC-ViewDemo,CRE|FY17|Q4|LP|Sage300CRE-PPC-ViewDemo
CRE|FY17|Q4|LP|SageCRE-PPC-Estimating,CRE|FY17|Q4|LP|SageCRE-PPC-Estimating
CRE|FY17|Q4|LP|BMS_17Q3_NCM_NAM_DGWW_AC1450_CREFY17BuildOnDisplay,CRE|FY17|Q4|LP|BMS_17Q3_NCM_NAM_DGWW_AC1450_CREFY17BuildOnDisplay
People&Payroll|People|FY18|Q2|LP|sagepeople.com,People&Payroll|People|FY18|Q2|LP|sagepeople.com
Sage_LojaSage Cart_PT_OPL_LP,Sage_LojaSage Cart_PT_OPL_LP
Sage_Accountants_Consulting Services_LP,Sage_Accountants_Consulting Services_LP
Sage_Accountants_Try One Sage for Free_Free_Trial_Demo_FP,Sage_Accountants_Try One Sage for Free_Free_Trial_Demo_FP
Sage_Accounting_SageOne_Free_Trial_Demo_FP,Sage_Accounting_SageOne_Free_Trial_Demo_FP
Sage_BMS_BMS landing page _Landing page _LP_,Sage_BMS_BMS landing page _Landing page _LP_
Sage_BMS_Work Different_LP,Sage_BMS_Work Different_LP
Sage_BMS_SAGE 300 Cloud product page _Landing page _LP_,Sage_BMS_SAGE 300 Cloud product page _Landing page _LP_
Sage_People_Sage Business Cloud People_keypagevisit_LP,Sage_People_Sage Business Cloud People_keypagevisit_LP
Sage_payroll & HR_Sage Payroll Training _LP,Sage_payroll & HR_Sage Payroll Training _LP
Sage_BMS_300C_LP,Sage_BMS_300C_LP
Sage_BMS_BMS_LP,Sage_BMS_BMS_LP
Sage_Payroll & HR_MicrOpay_Free_Trial_Demo_LP,Sage_Payroll & HR_MicrOpay_Free_Trial_Demo_LP
CrossSegment|People|FY19|H1|LP|HRP_18Q4_NCM_CA_DGWW_HR0810_SageBusinessCloudPeople,CrossSegment|People|FY19|H1|LP|HRP_18Q4_NCM_CA_DGWW_HR0810_SageBusinessCloudPeople
2018|Q4|Sage|ZA|Accounting Medium Segment|_ACGRC_|Programmatic|D010118POH000451|_ITRS_|Sage200evolution Bookademo,2018|Q4|Sage|ZA|Accounting Medium Segment|_ACGRC_|Programmatic|D010118POH000451|_ITRS_|Sage200evolution Bookademo
Africa_Accounting_CONV_DOWN_,Africa_Accounting_CONV_DOWN_
Africa_Accounting_CONV_ITRS_,Africa_Accounting_CONV_ITRS_
Africa_Other_CONV_DOWN_,Africa_Other_CONV_DOWN_
Africa_Payroll_CONV_CONT_,Africa_Payroll_CONV_CONT_
Sage_50 Accounts Sage Cover IE LP,Sage_50 Accounts Sage Cover IE LP
Sage_My_Sage_help_customer_LP,Sage_My_Sage_help_customer_LP
Africa_EMS_CONV_DOWN_,Africa_EMS_CONV_DOWN_
Africa_BMS_CONV_DOWN_,Africa_BMS_CONV_DOWN_
SAGE_Local_Pastel_Partner_Payroll_Advantage_Landing_Page_ZA,SAGE_Local_Pastel_Partner_Payroll_Advantage_Landing_Page_ZA
Africa_Payments_CONV_CONT_,Africa_Payments_CONV_CONT_
Payments|FY18|Q3|FP|customer-support,Payments|FY18|Q3|FP|customer-support
Payments|FY18|Q3|FP|online-payments,Payments|FY18|Q3|FP|online-payments
Sage_Global_Accounting_Confirmation_FreeTrial_ITRS_CONV_ZA,Sage_Global_Accounting_Confirmation_FreeTrial_ITRS_CONV_ZA
Sage_AU_Accounting Solution_Sage one free trial button_On click_CONT_,Sage_AU_Accounting Solution_Sage one free trial button_On click_CONT_
Sage_Accountants_Sage One Free Trial Registered_Free_Trial_Demo_ITRS_TY,Sage_Accountants_Sage One Free Trial Registered_Free_Trial_Demo_ITRS_TY
Sage_Accounting_SageOne_Free_Trial_Demo_ITRS_TY,Sage_Accounting_SageOne_Free_Trial_Demo_ITRS_TY
Africa_Accounting_CONV_CONT_,Africa_Accounting_CONV_CONT_
SAGE_Local_Pastel_Partner_Advantage_Landing_Page_ZA,SAGE_Local_Pastel_Partner_Advantage_Landing_Page_ZA
SAGE_Local_Pastel_Partner_NPOs_Landing_Page_ZA,SAGE_Local_Pastel_Partner_NPOs_Landing_Page_ZA
SAGE_Local_Pastel_Xpress_Advantage_Confirmation_CONV_ZA_CONT_,SAGE_Local_Pastel_Xpress_Advantage_Confirmation_CONV_ZA_CONT_
Africa_Shop_CONV_IBUY_,Africa_Shop_CONV_IBUY_
Sage_Global_Confirmation_OnlineShop_Sales_CONV_IBUY_ZA,Sage_Global_Confirmation_OnlineShop_Sales_CONV_IBUY_ZA
Sage_Global_Confirmation_Shop.Sage_CONV_ZA,Sage_Global_Confirmation_Shop.Sage_CONV_ZA
MiddleEast_Accounting_CONV_ITRS_,MiddleEast_Accounting_CONV_ITRS_
Sage_ME_Accounting_Confirmation_FreeTrial_ITRS_ZA,Sage_ME_Accounting_Confirmation_FreeTrial_ITRS_ZA
SAGE_50_ME_RequestCall_Complete_CONV_ZA_CONT_,SAGE_50_ME_RequestCall_Complete_CONV_ZA_CONT_
SAGE_Global_ME_BMS_Remarketing_HP,SAGE_Global_ME_BMS_Remarketing_HP
Sage_ME_VAT_BookConsultation_Complete_INQ_MEA_CONT_,Sage_ME_VAT_BookConsultation_Complete_INQ_MEA_CONT_
2018|Q3|Sage|ME|People&Payroll|300 People Vertical|Programmatic|D010118POH002131|DBM|UAE|_DOWN_,2018|Q3|Sage|ME|People&Payroll|300 People Vertical|Programmatic|D010118POH002131|DBM|UAE|_DOWN_
Sage_BMS_Distribution _LP,Sage_BMS_Distribution _LP
Sage_BMS_Distribution page_Landing page _LP_,Sage_BMS_Distribution page_Landing page _LP_
Sage_Accounting_SageOne_Contact_FP,Sage_Accounting_SageOne_Contact_FP
Sage_Payroll & HR_WageEasy_Free_Trial_Demo_LP,Sage_Payroll & HR_WageEasy_Free_Trial_Demo_LP
Sage France_SageX3_Home_FR_LP,Sage France_SageX3_Home_FR_LP
SAGE France_SageX3_Product Tour_LP,SAGE France_SageX3_Product Tour_LP
SAGE FRANCE_CIEL_VersionDemo_CONV_ITRS_,SAGE FRANCE_CIEL_VersionDemo_CONV_ITRS_
SAGE France_Ciel_demand_telech_demo_thankYou_CONV_ITRS_,SAGE France_Ciel_demand_telech_demo_thankYou_CONV_ITRS_
SAGE FRANCE_CIEL_Prelevement_CONV_IBUY_,SAGE FRANCE_CIEL_Prelevement_CONV_IBUY_
SAGE France_BestDeals|Sage50cloudCielStandard_Black Friday_CONV,SAGE France_BestDeals|Sage50cloudCielStandard_Black Friday_CONV
SAGE France_CIEL_TryBuy_CONV_ITRS_,SAGE France_CIEL_TryBuy_CONV_ITRS_
SAGE France_Sage50cloudCiel|ComptaGestion-Standard_Black Friday_CONV,SAGE France_Sage50cloudCiel|ComptaGestion-Standard_Black Friday_CONV
SAGE_FRANCE_CIEL_Bouton_WCB_CONV_CONT_,SAGE_FRANCE_CIEL_Bouton_WCB_CONV_CONT_
SAGE_IRE 50c Product Page_LP,SAGE_IRE 50c Product Page_LP
SAGE_IRE Sage50c Trial_LP,SAGE_IRE Sage50c Trial_LP
Sage 200 Standard Online Landing Page_v2,Sage 200 Standard Online Landing Page_v2
Sage One Accounting _FOM*** - UVI3_OC_v2,Sage One Accounting _FOM*** - UVI3_OC_v2
SageOne_Start Your Free Trial_OC,SageOne_Start Your Free Trial_OC
Sage One Free Trial Confirmation_ITRS_,Sage One Free Trial Confirmation_ITRS_
Sage One Start Confirmation_OC_ITRS,Sage One Start Confirmation_OC_ITRS
Sage One Start Landing Page,Sage One Start Landing Page
Sage_UK_My_Sage_CustomerSupport_LP,Sage_UK_My_Sage_CustomerSupport_LP
Payroll Year End|FY18|Q1|LP|sageone.ie/payroll-year-end/,Payroll Year End|FY18|Q1|LP|sageone.ie/payroll-year-end/
Sage One Added a Second Service_IBUY_,Sage One Added a Second Service_IBUY_
Sage_Micropay Ireland LP,Sage_Micropay Ireland LP
Sage Pay_Mail Telephone Order Payments Landing Page,Sage Pay_Mail Telephone Order Payments Landing Page
Sage XRT Landing Page_PT_OPL,Sage XRT Landing Page_PT_OPL
SageOne_Accounting Trial_ITRS_PT_OC_CONV,SageOne_Accounting Trial_ITRS_PT_OC_CONV
Sage_HR&Payroll Landing Page_PT_OPL,Sage_HR&Payroll Landing Page_PT_OPL
Accountants|FY17|Q4|LP|partner-edition-accountants,Accountants|FY17|Q4|LP|partner-edition-accountants
P&P|FY17|Q4|TY|clients/sageuk/?app=50payroll_ITRS_,P&P|FY17|Q4|TY|clients/sageuk/?app=50payroll_ITRS_
Payments|FY17|Q4|TY|our-payment-solutions/thank-you_CONT_,Payments|FY17|Q4|TY|our-payment-solutions/thank-you_CONT_
Payments|FY18|Q3|FP|fees,Payments|FY18|Q3|FP|fees
Payments|FY18|Q3|FP|security,Payments|FY18|Q3|FP|security
SageTienda_Cart Step1_INQ_ES_OPL,SageTienda_Cart Step1_INQ_ES_OPL
SageONE_Registro Confirmacion OC_ITRS_ES,SageONE_Registro Confirmacion OC_ITRS_ES
Accountants|FY17|Q4|LP|ACS_17Q4_NCM_CA_DGPS_AY0100_SASContactUsPaidSearchCAEN,Accountants|FY17|Q4|LP|ACS_17Q4_NCM_CA_DGPS_AY0100_SASContactUsPaidSearchCAEN
Enterprise|FY19|H1|LP|BMS_19Q1_NCM_CA_DGCS_ER0240_SageEnterpriseManagementCanadaFB,Enterprise|FY19|H1|LP|BMS_19Q1_NCM_CA_DGCS_ER0240_SageEnterpriseManagementCanadaFB
50CA|FY17|Q2|Conv|ca/sage-50-accounting/customer_INQ,50CA|FY17|Q2|Conv|ca/sage-50-accounting/customer_INQ
Accounting|FY18|Q3|TY|OnClick|Gratuite30|ca/fr/sage-50-comptabilite/essayer_ITRS_,Accounting|FY18|Q3|TY|OnClick|Gratuite30|ca/fr/sage-50-comptabilite/essayer_ITRS_
Payroll_v2,Payroll_v2
Quantum Page_v2,Quantum Page_v2
SAGE|AccountingSolutions|CA|Portal|Aug2016,SAGE|AccountingSolutions|CA|Portal|Aug2016
Sage|Sage50CA|EN|Customer|Oct2016,Sage|Sage50CA|EN|Customer|Oct2016
Try Page_v2,Try Page_v2
X3|FY17|Q1|Landing Page|http://www.sagex3.com/en-us/contact/request_product_tour,X3|FY17|Q1|Landing Page|http://www.sagex3.com/en-us/contact/request_product_tour
ca/accountant/small-business-network_v2,ca/accountant/small-business-network_v2
ca/accountant_v2,ca/accountant_v2
Sage X3 Homepage_v2,Sage X3 Homepage_v2
Sage For Mac IRE_LP,Sage For Mac IRE_LP
Sage Pay Online Payments,Sage Pay Online Payments
Sage Pay Payment Solutions,Sage Pay Payment Solutions
Sage Pay_Face to Face Payments,Sage Pay_Face to Face Payments
SageX3_Demo Confirmation ES_ITRS_OPL,SageX3_Demo Confirmation ES_ITRS_OPL
Sage_BMS_CRM_LP,Sage_BMS_CRM_LP
Sage_Accountants_Practice Intelligence_LP,Sage_Accountants_Practice Intelligence_LP
Sage_Payroll & HR_ESS_Free_Trial_Demo_LP,Sage_Payroll & HR_ESS_Free_Trial_Demo_LP
SAGE_Local_Other_Products_Business_Owners_Landing_Page_ZA,SAGE_Local_Other_Products_Business_Owners_Landing_Page_ZA
SAGE_Local_BMS_Products_Software_Landing_Page_ZA,SAGE_Local_BMS_Products_Software_Landing_Page_ZA
SAGE_Local_VIP_Premier_Payroll&HR_ Landing_Page_ZA,SAGE_Local_VIP_Premier_Payroll&HR_ Landing_Page_ZA
BMS|FY17|Q4|TY|en-gb/contact/thank_you_product_tour_ITRS_,BMS|FY17|Q4|TY|en-gb/contact/thank_you_product_tour_ITRS_
SageMurano_Landing pages ES_OPL,SageMurano_Landing pages ES_OPL
Sage Global_Accountants Confirmation page OPL_CONT_ES,Sage Global_Accountants Confirmation page OPL_CONT_ES
Product capabilities,Product capabilities
SAGE|X3|US|RequestDemo|Aug2016|TY_V2_INQ_ITRS_,SAGE|X3|US|RequestDemo|Aug2016|TY_V2_INQ_ITRS_
Sage_Accountants_Practice Manager_LP,Sage_Accountants_Practice Manager_LP
Sage_Accounting_SageOne_Contact_CONT_TY,Sage_Accounting_SageOne_Contact_CONT_TY
Sage_Sage Business Cloud_All_Enquiry_Free_Trial_Invictus_games_LP,Sage_Sage Business Cloud_All_Enquiry_Free_Trial_Invictus_games_LP
Sage_payroll & HR_Sage Payroll _LP,Sage_payroll & HR_Sage Payroll _LP
Sage_Accounting & Practice Management_Practice Intelligence__Factsheet_Download_FP,Sage_Accounting & Practice Management_Practice Intelligence__Factsheet_Download_FP
Sage_Accounting & Practice Management_BankFeeds__Factsheet_Download_FP,Sage_Accounting & Practice Management_BankFeeds__Factsheet_Download_FP
Sage_BMS_SAGE X3 product page _Landing page _LP_,Sage_BMS_SAGE X3 product page _Landing page _LP_
Sage_BMS_X3_LP,Sage_BMS_X3_LP
ZAR_SageVIP_Premier_Landing Page_14.12.15 - Re-Marketing,ZAR_SageVIP_Premier_Landing Page_14.12.15 - Re-Marketing
SAGE_Local_VIP_Classic_Payroll&HR_ Landing_Page_ZA,SAGE_Local_VIP_Classic_Payroll&HR_ Landing_Page_ZA
SAGE_Local_Debit_Order_Collections_Landing_Page_ZA,SAGE_Local_Debit_Order_Collections_Landing_Page_ZA
Accounting|FY18|Q1|TY|50cv24Webinar_CONT_,Accounting|FY18|Q1|TY|50cv24Webinar_CONT_
2018|Q4|Sage|ZA|Accounting Medium Segment|_ACGRC_|Programmatic|D010118POH000451|_ITRS_|Sage300cloud Bookademo,2018|Q4|Sage|ZA|Accounting Medium Segment|_ACGRC_|Programmatic|D010118POH000451|_ITRS_|Sage300cloud Bookademo
SAGE_Local_Pay_Risk_Report_Landing_Page_ZA,SAGE_Local_Pay_Risk_Report_Landing_Page_ZA
SAGE_Local_Pastel_Accountants_Forum_Landing_Page_ZA,SAGE_Local_Pastel_Accountants_Forum_Landing_Page_ZA
Sage_Global_CloudCategory_GuidedTour_AccessForm_CONV_INQ_ZA_CONT_,Sage_Global_CloudCategory_GuidedTour_AccessForm_CONV_INQ_ZA_CONT_
Sage_BMS_4 Reasons to Upgrade download _Download_DOWN_FP_,Sage_BMS_4 Reasons to Upgrade download _Download_DOWN_FP_
Sage_BMS_Construction page_Landing page _LP_,Sage_BMS_Construction page_Landing page _LP_
Sage_BMS_Construction_LP,Sage_BMS_Construction_LP
Sage_BMS_Technology Integration landing page_Landing page _LP_,Sage_BMS_Technology Integration landing page_Landing page _LP_
Sage_BMS_300_LP,Sage_BMS_300_LP
Sage_BMS_SAGE 300 Construction and Real Estate product page _Landing page _LP_,Sage_BMS_SAGE 300 Construction and Real Estate product page _Landing page _LP_
Sage_Payroll &HR_Sage MicrOpay_Brochure_Download__DOWN_TY,Sage_Payroll &HR_Sage MicrOpay_Brochure_Download__DOWN_TY
Sage_Payroll &HR_Sage MicrOpay__Brochure_Download_FP,Sage_Payroll &HR_Sage MicrOpay__Brochure_Download_FP
Sage_payroll & HR_Sage Payroll Training _Contact_FP,Sage_payroll & HR_Sage Payroll Training _Contact_FP
SAGE FRANCE_sage30_online_Form_LP,SAGE FRANCE_sage30_online_Form_LP
SAGE France_Paye|SageOnePaie_Black Friday_CONV,SAGE France_Paye|SageOnePaie_Black Friday_CONV
SAGE France_Sage50cloudCiel|ComptaGestion-Essentiel_Black Friday_CONV,SAGE France_Sage50cloudCiel|ComptaGestion-Essentiel_Black Friday_CONV
SAGE_IE 50c Professional Trial_ITRS_,SAGE_IE 50c Professional Trial_ITRS_
SAGE_IE 50c Standard Trial_ITRS_,SAGE_IE 50c Standard Trial_ITRS_
Sage MME_X3,Sage MME_X3
Sage Accountants Network Shop IE Landing Page,Sage Accountants Network Shop IE Landing Page
Sage_IRE_50C_Upgrade_C4L_LP,Sage_IRE_50C_Upgrade_C4L_LP
Sage_BMS Trial_ITRS_PT_OC_CONV,Sage_BMS Trial_ITRS_PT_OC_CONV
P&P|FY18|Q1|LP|eps_final_return,P&P|FY18|Q1|LP|eps_final_return
P&P|FY18|Q1|LP|sage-people/resources,P&P|FY18|Q1|LP|sage-people/resources
Payments|FY18|Q3|LP|business-insight/retailer-tip-seasonal-success-improve-how-customers-pay,Payments|FY18|Q3|LP|business-insight/retailer-tip-seasonal-success-improve-how-customers-pay
SageCRM_Prueba Confirmacion OPL_ITRS_ES,SageCRM_Prueba Confirmacion OPL_ITRS_ES
SageMurano_Demo Request OC_ITRS_ES,SageMurano_Demo Request OC_ITRS_ES
People&Payroll|People|FY18|Q1|LP|HRP_18Q1_NCM_CAEN_DGWW_HR0810_SageBusinessCloud_request_demo,People&Payroll|People|FY18|Q1|LP|HRP_18Q1_NCM_CAEN_DGWW_HR0810_SageBusinessCloud_request_demo
One|FY17|Q1|LandingPage|http://na.sageone.com/,One|FY17|Q1|LandingPage|http://na.sageone.com/
Payment Solution_v2,Payment Solution_v2
Accounting|FY18|Q1|LP|self-assessment-2018,Accounting|FY18|Q1|LP|self-assessment-2018
Payments|FY17|Q4|TY|2017-landscape-report_DOWN_,Payments|FY17|Q4|TY|2017-landscape-report_DOWN_
Payments|FY18|Q1|LP|2017-Landscape-report,Payments|FY18|Q1|LP|2017-Landscape-report
Payments|FY17|Q4|TY|apply/validate-your-email_APPL_,Payments|FY17|Q4|TY|apply/validate-your-email_APPL_
Sage_Micropay IE Purchase Confirmation_IBUY_,Sage_Micropay IE Purchase Confirmation_IBUY_
Sage_UK_My_Sage_Roadmap50accounts_LP,Sage_UK_My_Sage_Roadmap50accounts_LP
SAGE_Local_CRM_Software_Landing_Page_ZA,SAGE_Local_CRM_Software_Landing_Page_ZA
Sage_Accountants_HandiSoft__Whitepaper_Download_FP,Sage_Accountants_HandiSoft__Whitepaper_Download_FP
Sage_Accounting & Practice Management_HandiTax__Factsheet_Download_FP,Sage_Accounting & Practice Management_HandiTax__Factsheet_Download_FP
SAGE_Local_NAEDO_Landing_Page_ZA,SAGE_Local_NAEDO_Landing_Page_ZA
SAGE_Local_VIPPayroll_Premier_SplashScreen_LandingPage,SAGE_Local_VIPPayroll_Premier_SplashScreen_LandingPage
SAGE_Local_VIPPayroll_Classic_SplashScreen_LandingPage,SAGE_Local_VIPPayroll_Classic_SplashScreen_LandingPage
SAGE_Local_Pastel_Iron_Tree_Landing_Page_ZA,SAGE_Local_Pastel_Iron_Tree_Landing_Page_ZA
SAGE_Local_BMS_Products_300_Landing_Page_ZA,SAGE_Local_BMS_Products_300_Landing_Page_ZA
Accounting|FY17|Q4|TY|settings/sage_pay_settings,Accounting|FY17|Q4|TY|settings/sage_pay_settings
Sage X3 Global Page,Sage X3 Global Page
Sage X3 Global Product Tour TY Page_INQ_ITRS_,Sage X3 Global Product Tour TY Page_INQ_ITRS_
Sage|SageX3|US|ProductTour|Oct2016|TY,Sage|SageX3|US|ProductTour|Oct2016|TY
Accounting|FY18|Q4|TY|OnClick|FreeTrialSageStart|ACG_18Q4_NCM_CA_DGPS_AC0840_ACCAPDEN,Accounting|FY18|Q4|TY|OnClick|FreeTrialSageStart|ACG_18Q4_NCM_CA_DGPS_AC0840_ACCAPDEN
Check Out Step 4_v2_IBUY_,Check Out Step 4_v2_IBUY_
SAGE FRANCE BMS_18Q3_NCM_FR_DGWW_GLOBMS_ERPFacteursClsDeSuccs_LP,SAGE FRANCE BMS_18Q3_NCM_FR_DGWW_GLOBMS_ERPFacteursClsDeSuccs_LP
Sage_HRPayroll_Confirmation_Page_Download_FR_CONV_DOWN_,Sage_HRPayroll_Confirmation_Page_Download_FR_CONV_DOWN_
Accounting|FY18|Q3|LP|integrate-invoice-payments,Accounting|FY18|Q3|LP|integrate-invoice-payments
Accounting|FY18|Q3|LP|integrate-invoice-payments-video,Accounting|FY18|Q3|LP|integrate-invoice-payments-video
Accounting|FY18|Q1|TY|50cv24_RequestCallBack_CONT_,Accounting|FY18|Q1|TY|50cv24_RequestCallBack_CONT_
Accountants|FY18|Q2|LP|ACS_17Q3_NCM_GA_Gamification_Start_,Accountants|FY18|Q2|LP|ACS_17Q3_NCM_GA_Gamification_Start_
Accounting|Live|FY18|Q2|LP|ACG_18Q1_NCM_NAM_CNCC_ER0260_GuidedTour,Accounting|Live|FY18|Q2|LP|ACG_18Q1_NCM_NAM_CNCC_ER0260_GuidedTour
C4L|Enterprise|FY18|Q2|LP|Sage100cloud,C4L|Enterprise|FY18|Q2|LP|Sage100cloud
BMS|FY17|Q4|LP|ComplimentaryBusRev,BMS|FY17|Q4|LP|ComplimentaryBusRev
People&Payroll|People|FY18|Q2|LP|sagepeople.com/about-us/contact,People&Payroll|People|FY18|Q2|LP|sagepeople.com/about-us/contact
People&Payroll|People|FY18|Q2|LP|sagepeople.com/get-a-sage-people-demo,People&Payroll|People|FY18|Q2|LP|sagepeople.com/get-a-sage-people-demo
Sage_payroll & HR_Sage Payroll Outsourcing_LP,Sage_payroll & HR_Sage Payroll Outsourcing_LP
Sage_BMS_SageLive_Free_Trial_Demo_FP,Sage_BMS_SageLive_Free_Trial_Demo_FP
Sage_Accountants_Client Portal_Free_Trial_Demo_LP,Sage_Accountants_Client Portal_Free_Trial_Demo_LP
Sage_Accounting & Practice Management_Client Portal__Factsheet_Download_FP,Sage_Accounting & Practice Management_Client Portal__Factsheet_Download_FP
Sage_BMS_General - BMS__Partners_Contact_FP,Sage_BMS_General - BMS__Partners_Contact_FP
Sage_Accounting & Practice Management_HandiSoft_Case Study_Download_Switch Call Back_DOWN_LP,Sage_Accounting & Practice Management_HandiSoft_Case Study_Download_Switch Call Back_DOWN_LP
Sage_Accounting & Practice Management_HandiSoft_Enquiry_Contact_Switch Call Back_CONT_LP,Sage_Accounting & Practice Management_HandiSoft_Enquiry_Contact_Switch Call Back_CONT_LP
Sage_Accountants_Consulting Services_Contact_FP,Sage_Accountants_Consulting Services_Contact_FP
Sage_AU_Accounting Solution_Landing page_LP_,Sage_AU_Accounting Solution_Landing page_LP_
Sage_AU_Accounting Solution_Money Management 6 stages download _On click_DOWN_,Sage_AU_Accounting Solution_Money Management 6 stages download _On click_DOWN_
Sage_AU_Accounting Solution_Money Management 6 stages landing page_LP_,Sage_AU_Accounting Solution_Money Management 6 stages landing page_LP_
Sage_Accounting & Practice Management_HandiSoft_Support_Contact__CONT_FP,Sage_Accounting & Practice Management_HandiSoft_Support_Contact__CONT_FP
Sage_Accountants_Connect_LP,Sage_Accountants_Connect_LP
Sage_Accountants_Notify_LP,Sage_Accountants_Notify_LP
Sage_Accountants_Document Manager_Free_Trial_Demo_LP,Sage_Accountants_Document Manager_Free_Trial_Demo_LP
Sage_payroll & HR_Sage Recruitment_LP,Sage_payroll & HR_Sage Recruitment_LP
Sage_PROFESSIONAL SERVICE_Payroll Consulting_Professional Services_Contact__CONT_FP,Sage_PROFESSIONAL SERVICE_Payroll Consulting_Professional Services_Contact__CONT_FP
Sage_payroll & HR_Sage Payroll Consulting _Contact_FP,Sage_payroll & HR_Sage Payroll Consulting _Contact_FP
Sage_payroll & HR_Sage Payroll Consulting _LP,Sage_payroll & HR_Sage Payroll Consulting _LP
Sage_Payroll &HR_Connx__Brochure_Download_FP,Sage_Payroll &HR_Connx__Brochure_Download_FP
Sage_payroll & HR_ConnX_Download_DOWN_PDF_,Sage_payroll & HR_ConnX_Download_DOWN_PDF_
Sage_Accounting & Practice Management_BankFeeds_Factsheet_Download__DOWN_TY,Sage_Accounting & Practice Management_BankFeeds_Factsheet_Download__DOWN_TY
Sage_Payroll &HR_Sage Wage Easy__Brochure_Download_FP,Sage_Payroll &HR_Sage Wage Easy__Brochure_Download_FP
Sage_Accountants_Time Billing_LP,Sage_Accountants_Time Billing_LP
Sage_Accounting & Practice Management_Time + Billing__Factsheet_Download_FP,Sage_Accounting & Practice Management_Time + Billing__Factsheet_Download_FP
Sage_Accounting & Practice Management_HandiTax_Factsheet_Download__DOWN_TY,Sage_Accounting & Practice Management_HandiTax_Factsheet_Download__DOWN_TY
Sage_My_Sage_Roadmap_LP,Sage_My_Sage_Roadmap_LP
Africa_Other Signup_CONV_CONT_,Africa_Other Signup_CONV_CONT_
SAGE_Local_BEE123_Landing_Page_ZA,SAGE_Local_BEE123_Landing_Page_ZA
SAGE_Local_Pastel_Business_Stationary_Landing_Page_ZA,SAGE_Local_Pastel_Business_Stationary_Landing_Page_ZA
SAGE_Local_Payroll_Payslips_Landing_Page_ZA,SAGE_Local_Payroll_Payslips_Landing_Page_ZA
People&Payroll|People|FY18|Q2|TY|sagepeople.com/about-us/contact/thank-you_CONT_,People&Payroll|People|FY18|Q2|TY|sagepeople.com/about-us/contact/thank-you_CONT_
Sage_PRF_Pastel_Accounting_FreeQuote_INQ_ITRS_ZA,Sage_PRF_Pastel_Accounting_FreeQuote_INQ_ITRS_ZA
SAGE_Local_Live_BookDemo_Confirmation_CONV_ZA_ITRS_,SAGE_Local_Live_BookDemo_Confirmation_CONV_ZA_ITRS_
SAGE_Local_Pastel_Payroll_Pastel_Partner_Advantage_Confirmation_CONV_ZA_CONT_,SAGE_Local_Pastel_Payroll_Pastel_Partner_Advantage_Confirmation_CONV_ZA_CONT_
SAGE_Local_Talent_Solutions_Recruitment_Landing_Page_ZA,SAGE_Local_Talent_Solutions_Recruitment_Landing_Page_ZA
Sage_PRF_Pastel_Payroll_FreeQuote_INQ_ITRS_ZA,Sage_PRF_Pastel_Payroll_FreeQuote_INQ_ITRS_ZA
Sage_Global_BMS_Remarketing_SageAssessmentTools_HomePage_ZA,Sage_Global_BMS_Remarketing_SageAssessmentTools_HomePage_ZA
Sage-Brand_FY18_Q3_LP_Page load,Sage-Brand_FY18_Q3_LP_Page load
HRP EasyPay_FY18_Q3_LP_Page load,HRP EasyPay_FY18_Q3_LP_Page load
Sage-Brand_FY18_Q3_LP_Page Load _HRPFind out more,Sage-Brand_FY18_Q3_LP_Page Load _HRPFind out more
EnterpriseManagementMY_FY18_Q3_LP_Page load,EnterpriseManagementMY_FY18_Q3_LP_Page load
OneMY_FY18_Q3_LP_Page load,OneMY_FY18_Q3_LP_Page load
Sage-MY_FY18_Q3_LP_Page load,Sage-MY_FY18_Q3_LP_Page load
EasypayMY_FY18_Q3_LP_Page Load,EasypayMY_FY18_Q3_LP_Page Load
Sage300BusinessManagementSolution_FY18_Q3_SG_LP_Page Load,Sage300BusinessManagementSolution_FY18_Q3_SG_LP_Page Load
SageEnterpriseManagement_FY18_Q3_SG_LP_Page Load,SageEnterpriseManagement_FY18_Q3_SG_LP_Page Load
SageSGBrand_FY18_Q3_SG_LP_Page Load,SageSGBrand_FY18_Q3_SG_LP_Page Load
HR&P-EasyPaySG_FY18_Q3_SG_LP_PageLoad,HR&P-EasyPaySG_FY18_Q3_SG_LP_PageLoad
Sage-BMSManufacturing_FY18_Q3_TH_OnClick_BusinessAnalysis_FP,Sage-BMSManufacturing_FY18_Q3_TH_OnClick_BusinessAnalysis_FP
Sage-BMSManufacturing_FY18_Q3_TH_OnClick_Requestademo_FP,Sage-BMSManufacturing_FY18_Q3_TH_OnClick_Requestademo_FP
Sage-BMS_FY18_Q3_TH_OnClick_AccessReport_FP,Sage-BMS_FY18_Q3_TH_OnClick_AccessReport_FP
Sage-BMS_FY18_Q3_TH_OnClick_Requestademo_FP,Sage-BMS_FY18_Q3_TH_OnClick_Requestademo_FP
Sage-BMS_FY18_Q3_TH_BuisnessAnalysis_FP,Sage-BMS_FY18_Q3_TH_BuisnessAnalysis_FP
Sage-BMS_FY18_Q3_TH_Pageload_LP,Sage-BMS_FY18_Q3_TH_Pageload_LP
Sage-brand_FY18_Q3_TH_Pageload_LP,Sage-brand_FY18_Q3_TH_Pageload_LP
Sage_BMS_4 Reasons to Upgrade landing page_Landing page _LP_,Sage_BMS_4 Reasons to Upgrade landing page_Landing page _LP_
Sage_BMS_BMS Demo _Free_Trial_Demo_FP_,Sage_BMS_BMS Demo _Free_Trial_Demo_FP_
Sage_BMS_Complete Construction Management Software landing page_Landing page _LP_,Sage_BMS_Complete Construction Management Software landing page_Landing page _LP_
Sage_BMS_Forrester TEI Report landing page_Download_FP,Sage_BMS_Forrester TEI Report landing page_Download_FP
Sage_BMS_Forrester_Download_DOWN,Sage_BMS_Forrester_Download_DOWN
Sage_BMS_General - BMS_Whitepaper_Download_Forrester_DOWN_FP,Sage_BMS_General - BMS_Whitepaper_Download_Forrester_DOWN_FP
Sage_BMS_Move beyond ERP download _Download_DOWN_TY_,Sage_BMS_Move beyond ERP download _Download_DOWN_TY_
Sage_BMS_Move beyond ERP landing page _Download_LP,Sage_BMS_Move beyond ERP landing page _Download_LP
Sage_BMS_Work Different_ Request business review_Contact_FP,Sage_BMS_Work Different_ Request business review_Contact_FP
construction brochure_DOWN_,construction brochure_DOWN_
Sage_Accountants_Document Manager_Free_Trial_Demo_ITRS_TY,Sage_Accountants_Document Manager_Free_Trial_Demo_ITRS_TY
Sage_Accountants_HandiTrust_Contact_CONT_TY,Sage_Accountants_HandiTrust_Contact_CONT_TY
Sage_Accountants_Handisoft_Contact_CONT_TY,Sage_Accountants_Handisoft_Contact_CONT_TY
Sage_Accounting & Practice Management_HandiTax Cloud_Factsheet_Download__DOWN_TY,Sage_Accounting & Practice Management_HandiTax Cloud_Factsheet_Download__DOWN_TY
Sage_Accounting & Practice Management_HandiTax Cloud__Factsheet_Download_FP,Sage_Accounting & Practice Management_HandiTax Cloud__Factsheet_Download_FP
Sage_Accounting & Practice Management_Practice Manager_Factsheet_Download__DOWN_TY,Sage_Accounting & Practice Management_Practice Manager_Factsheet_Download__DOWN_TY
Sage_Accounting & Practice Management_Practice Manager__Factsheet_Download_FP,Sage_Accounting & Practice Management_Practice Manager__Factsheet_Download_FP
Sage_Accounting & Practice Management_Private Cloud__Enquiry_Contact_FP,Sage_Accounting & Practice Management_Private Cloud__Enquiry_Contact_FP
Sage_payroll & HR_Sage Business Intelligence Reporting _LP,Sage_payroll & HR_Sage Business Intelligence Reporting _LP
Conversion_Sage Office Line_Angebot_CONV #L2 _SHUN_CONT_,Conversion_Sage Office Line_Angebot_CONV #L2 _SHUN_CONT_
SAGE_FRANCE_BMS_Pret_depasser_limite_ERP_Resultat_CONV_CONT,SAGE_FRANCE_BMS_Pret_depasser_limite_ERP_Resultat_CONV_CONT
Sage One_Start Your Free Trial accounts(Sage One Accounting)_OC,Sage One_Start Your Free Trial accounts(Sage One Accounting)_OC
Sage AD_News ixbrl compliance,Sage AD_News ixbrl compliance
Sage One Partner Edition LP,Sage One Partner Edition LP
Sage_HR&Payroll Trial MQL_PT_OC_ITRS_,Sage_HR&Payroll Trial MQL_PT_OC_ITRS_
Accounting|FY17|Q4|TY|sage50c/freetrial/essentials/thankyou.aspx_ITRS_,Accounting|FY17|Q4|TY|sage50c/freetrial/essentials/thankyou.aspx_ITRS_
C4L|BMS|FY17|Q4|LP|Sage100c,C4L|BMS|FY17|Q4|LP|Sage100c
Payments|FY17|Q1|LandingPage|developer.sagepayments.com,Payments|FY17|Q1|LandingPage|developer.sagepayments.com
SAGE|AccountingSolutions|CAFR|Portal|Aug2016,SAGE|AccountingSolutions|CAFR|Portal|Aug2016
System Requirments_v2,System Requirments_v2
Accounting|FY18|Q1|LP|payroll-year-end,Accounting|FY18|Q1|LP|payroll-year-end
Accounting|FY18|LP|ACG_17Q4_NCM_NAM_DGWW_AC0760_USFreeTrial,Accounting|FY18|LP|ACG_17Q4_NCM_NAM_DGWW_AC0760_USFreeTrial
Accounting|FY18|TY|OnClick|TryNow|ACG_17Q4_NCM_NAM_DGWW_AC0760_USFreeTrial_ITRS_,Accounting|FY18|TY|OnClick|TryNow|ACG_17Q4_NCM_NAM_DGWW_AC0760_USFreeTrial_ITRS_
SageTienda_License purchase_IBUY_ES,SageTienda_License purchase_IBUY_ES
Sage_FY19_Q1_ACCTS_PageViews,Sage_FY19_Q1_ACCTS_PageViews
SAGE_Local_Online_Tools_Landing_Page_ZA,SAGE_Local_Online_Tools_Landing_Page_ZA
SAGE_Local_Payment_Solutions_Landing_Page_ZA,SAGE_Local_Payment_Solutions_Landing_Page_ZA
Sage_Global_Accounting_Confirmation_PastelPartnerAdvantage_RequestDemo_INQ_CONV_ZA_ITRS_,Sage_Global_Accounting_Confirmation_PastelPartnerAdvantage_RequestDemo_INQ_CONV_ZA_ITRS_
SageBlog PageSection_Landing_OPL_ES,SageBlog PageSection_Landing_OPL_ES
SAS Impact CA EN Button Body1,SAS Impact CA EN Button Body1
SAS Impact CA EN Button Contact,SAS Impact CA EN Button Contact
SAS Impact CA EN Button Hero,SAS Impact CA EN Button Hero
ca/accountant/cloud_v2,ca/accountant/cloud_v2
Sage One US Registration Redirect_v2_IBUY_,Sage One US Registration Redirect_v2_IBUY_
Sage Global_HR/Payroll Landing page FR_LP,Sage Global_HR/Payroll Landing page FR_LP
Accounting|Live|FY18|Q1|LP|ACG_17Q4_NCM_NAM_DGOW_ER0260_Weekly_webinar,Accounting|Live|FY18|Q1|LP|ACG_17Q4_NCM_NAM_DGOW_ER0260_Weekly_webinar
CRE|FY17|Q4|LP|BMS_17Q3_NCM_NAM_DGAD_AC1450_CREFY17BuildOnAdvertising,CRE|FY17|Q4|LP|BMS_17Q3_NCM_NAM_DGAD_AC1450_CREFY17BuildOnAdvertising
Sage_Accountants_HandiSecurity_LP,Sage_Accountants_HandiSecurity_LP
Sage_BMS_Sage 300 Online_Enquiry_Contact_Small_Business__FP,Sage_BMS_Sage 300 Online_Enquiry_Contact_Small_Business__FP
Sage_PROFESSIONAL SERVICE_Outsourcing__Brochure_Download_FP,Sage_PROFESSIONAL SERVICE_Outsourcing__Brochure_Download_FP
Sage_Global_AccountingCloud_LP_Remarketing_ZA,Sage_Global_AccountingCloud_LP_Remarketing_ZA
Sage_FY18_Q2_TYE_SouthAfrica,Sage_FY18_Q2_TYE_SouthAfrica
SAGE_Local_Pastel_Evolution_Premium_Landing_Page_ZA,SAGE_Local_Pastel_Evolution_Premium_Landing_Page_ZA
SAGE_Local_VIP_Intelligence_Reporting_Landing_Page_ZA,SAGE_Local_VIP_Intelligence_Reporting_Landing_Page_ZA
SAGE_Local_Pastel_Partner_NPO_Confirmation_CONV_ZA_ITRS_,SAGE_Local_Pastel_Partner_NPO_Confirmation_CONV_ZA_ITRS_
SAGE_Local_Pastel_Partner_Advantage_Confirmation_CONV_ZA_CONT_,SAGE_Local_Pastel_Partner_Advantage_Confirmation_CONV_ZA_CONT_
Sage_ME_Confirmation_ContactUs_CONT_ZA,Sage_ME_Confirmation_ContactUs_CONT_ZA
Sage-300-MY_FY18_Q3_LP_Page load,Sage-300-MY_FY18_Q3_LP_Page load
HR&P-EasyPaySG_FY18_Q3_SG_FP_On Click_Download The Brochure,HR&P-EasyPaySG_FY18_Q3_SG_FP_On Click_Download The Brochure
HR&P-EasyPaySG_FY18_Q3_SG_TY_On Click_Submit_DOWN_,HR&P-EasyPaySG_FY18_Q3_SG_TY_On Click_Submit_DOWN_
SageSGBrand_FY18_Q3_SG_FP_UBS_Page Load_Request Demo,SageSGBrand_FY18_Q3_SG_FP_UBS_Page Load_Request Demo
Sage_BMS_Manufacturing _LP,Sage_BMS_Manufacturing _LP
Sage_BMS_Manufacturing page_Landing page _LP_,Sage_BMS_Manufacturing page_Landing page _LP_
Sage_Payroll & HR_People_Contact_FP,Sage_Payroll & HR_People_Contact_FP
Sage_Payroll & HR_People_Free_Trial_Demo_FP,Sage_Payroll & HR_People_Free_Trial_Demo_FP
Sage_payroll & HR_Sage Data centre_LP,Sage_payroll & HR_Sage Data centre_LP
Sage_payroll & HR_Sage Payroll _Contact_CONT_TY,Sage_payroll & HR_Sage Payroll _Contact_CONT_TY
Sage_payroll & HR_Sage Printed Products _LP,Sage_payroll & HR_Sage Printed Products _LP
Sage_payroll & HR_Sage Recruitment_Contact_FP,Sage_payroll & HR_Sage Recruitment_Contact_FP
Sage_HRPayroll_CONV_Infopaket_pageDE_landing.sage.de/sage-hr-suite/danke.php_SHRS_SSP_DOWN_,Sage_HRPayroll_CONV_Infopaket_pageDE_landing.sage.de/sage-hr-suite/danke.php_SHRS_SSP_DOWN_
DCM_SAGE_FR_callbackrequests_CONV_CONT_,DCM_SAGE_FR_callbackrequests_CONV_CONT_
SAGE France_Sage30_Online_Home_TryBuy_Button_CONV_ITRS_,SAGE France_Sage30_Online_Home_TryBuy_Button_CONV_ITRS_
Payments Mid Market Content Hub LP,Payments Mid Market Content Hub LP
SAGE_UK Sage50c_LP,SAGE_UK Sage50c_LP
Sage AD_Sage accounts production,Sage AD_Sage accounts production
Payments Mid Market Homepage LP,Payments Mid Market Homepage LP
Sage_Accounting Trial_CONT_PT_OC_CONV,Sage_Accounting Trial_CONT_PT_OC_CONV
Sage_LojaSage Call-Me_CONT_PT_OC_CONV,Sage_LojaSage Call-Me_CONT_PT_OC_CONV
Sage_LojaSage Trial_ITRS_PT_OPL_CONV,Sage_LojaSage Trial_ITRS_PT_OPL_CONV
P&P|FY18|Q1|TY|get-a-sage-people-demo/thank-you_ITRS_,P&P|FY18|Q1|TY|get-a-sage-people-demo/thank-you_ITRS_
MiddleEast_Accounting_CONV_CONT_,MiddleEast_Accounting_CONV_CONT_
SAS|LP|ACS_17Q4_NCM_CA_DGPS_AY0100_S1AEContactUsBrandPaidSearchCAEN,SAS|LP|ACS_17Q4_NCM_CA_DGPS_AY0100_S1AEContactUsBrandPaidSearchCAEN
CrossSegment|People|FY19|H1|TY|OnClick|RequestDemo|CA_DGWW_HR0810_SageBusinessCloudPeople_ITRS_,CrossSegment|People|FY19|H1|TY|OnClick|RequestDemo|CA_DGWW_HR0810_SageBusinessCloudPeople_ITRS_
People&Payroll|People|FY18|Q1|LP|HRP_18Q1_NCM_CAEN_DGWW_HR0810_SageBusinessCloud,People&Payroll|People|FY18|Q1|LP|HRP_18Q1_NCM_CAEN_DGWW_HR0810_SageBusinessCloud
Accounting|FY18|Q4|LP|ACG_18Q4_NCM_CA_DGPS_AC0840_ACCAPDFR,Accounting|FY18|Q4|LP|ACG_18Q4_NCM_CA_DGPS_AC0840_ACCAPDFR
Customer Reviews,Customer Reviews
Sage Payroll Test Drive Landing Page,Sage Payroll Test Drive Landing Page
Industry Solutions,Industry Solutions
Accounting|FY18|Q4|TY|OnClick|BuyNowSageStart|ACG_18Q4_NCM_CA_DGPS_AC0840_ACCAPDEN,Accounting|FY18|Q4|TY|OnClick|BuyNowSageStart|ACG_18Q4_NCM_CA_DGPS_AC0840_ACCAPDEN
Accountants|FY18|Q2|LP|ACS_18Q2_NCM_US_DGAD_GLACCT_NumberCruncherDisplayUS,Accountants|FY18|Q2|LP|ACS_18Q2_NCM_US_DGAD_GLACCT_NumberCruncherDisplayUS
CRE|FY18|Q2|LP|BMS_18Q2_NCM_US_DGSP_AC1450_CRELinkedIn_eBooks_mobile,CRE|FY18|Q2|LP|BMS_18Q2_NCM_US_DGSP_AC1450_CRELinkedIn_eBooks_mobile
Sage_Accounting & Practice Management_Client Portal_Factsheet_Download__DOWN_TY,Sage_Accounting & Practice Management_Client Portal_Factsheet_Download__DOWN_TY
Sage_Accountants_Embrace _LP,Sage_Accountants_Embrace _LP
Sage_Accountants_Practice Manager_Contact_FP,Sage_Accountants_Practice Manager_Contact_FP
Sage_Accountants_WageEasy_Free_Trial_Demo_FP,Sage_Accountants_WageEasy_Free_Trial_Demo_FP
Sage_Payroll & HR_WageEasy_Free_Trial_Demo_FP,Sage_Payroll & HR_WageEasy_Free_Trial_Demo_FP
Sage_Accounting & Practice Management_Workpapers__Factsheet_Download_FP,Sage_Accounting & Practice Management_Workpapers__Factsheet_Download_FP
Sage_BMS_BMS Demo submit button _Free_Trial_Demo_ITRS_TY_,Sage_BMS_BMS Demo submit button _Free_Trial_Demo_ITRS_TY_
Sage_BMS_Work different Request a demo_Contact_CONT_TY,Sage_BMS_Work different Request a demo_Contact_CONT_TY
Sage_Accounting & Practice Management_BankFeeds__Enquiry_Contact_FP,Sage_Accounting & Practice Management_BankFeeds__Enquiry_Contact_FP
Sage_Global_BMS_Confirmation_X3_RequestDemo_INQ_CONV_ZA_ITRS_,Sage_Global_BMS_Confirmation_X3_RequestDemo_INQ_CONV_ZA_ITRS_
SAGE_Local_Talent_Solutions_Recruitment_Contact_Us_Confirmation_CONV_ZA_CONT_,SAGE_Local_Talent_Solutions_Recruitment_Contact_Us_Confirmation_CONV_ZA_CONT_
HRP EasyPay_FY18_Q3_FP_Page load _Download the brochure,HRP EasyPay_FY18_Q3_FP_Page load _Download the brochure
Sage-Brand_FY18_Q3_FP_Page load _Download the brochure_EasyPay,Sage-Brand_FY18_Q3_FP_Page load _Download the brochure_EasyPay
Sage-100-EvolutionMY_FY18_Q3_LP_Page load,Sage-100-EvolutionMY_FY18_Q3_LP_Page load
Sage-100-EvolutionMY_FY18_Q3_LP_Page load_Key Features-Learn More,Sage-100-EvolutionMY_FY18_Q3_LP_Page load_Key Features-Learn More
Sage_BMS_Move beyond ERP form submit_Application_APPL_ TY_,Sage_BMS_Move beyond ERP form submit_Application_APPL_ TY_
Sage_Payroll HR_WageEasy__Customer Story_Download_LP,Sage_Payroll HR_WageEasy__Customer Story_Download_LP
Sage_Accountants_HandiTrust_LP,Sage_Accountants_HandiTrust_LP
Sage_Payroll &HR_Sage Business Cloud People__Brochure_Download_FP,Sage_Payroll &HR_Sage Business Cloud People__Brochure_Download_FP
SAGE_FRANCE_promail_expertise_comptable_digitale_LP,SAGE_FRANCE_promail_expertise_comptable_digitale_LP
Pi e-Comm LP,Pi e-Comm LP
Sage Pay_Get Paid Faster Landing Page,Sage Pay_Get Paid Faster Landing Page
Sage_Business Connect Landing Page_PT_OPL,Sage_Business Connect Landing Page_PT_OPL
BMS|FY18|Q1|TY|ConsensusGuide_DOWN_,BMS|FY18|Q1|TY|ConsensusGuide_DOWN_
BMS|FY18|Q1|TY|MoveBeyondERP_DOWN_,BMS|FY18|Q1|TY|MoveBeyondERP_DOWN_
Enterprise|FY19|H1|TY|OnClick|GetBizRevSubmit|BMS_18Q4_NCM_CA_DGEE_ER0480_Sage300genericNCA_CONT_,Enterprise|FY19|H1|TY|OnClick|GetBizRevSubmit|BMS_18Q4_NCM_CA_DGEE_ER0480_Sage300genericNCA_CONT_
Accounting|Live|FY18|Q2|TY|OnClick|ScheduleDemo|ca/fr/sage-live_CONT_,Accounting|Live|FY18|Q2|TY|OnClick|ScheduleDemo|ca/fr/sage-live_CONT_
SageXRT_Home Page ES_OPL,SageXRT_Home Page ES_OPL
Sage_Awareness IE Business Plan Download Template_OC_DOWN_,Sage_Awareness IE Business Plan Download Template_OC_DOWN_
SAGE_Local_BMS_Products_x3_Landing_Page_ZA,SAGE_Local_BMS_Products_x3_Landing_Page_ZA
Sage_payroll & HR_Sage Express Super _Contact_FP,Sage_payroll & HR_Sage Express Super _Contact_FP
Sage_payroll & HR_Sage Express Super _LP,Sage_payroll & HR_Sage Express Super _LP
SAS|TY|ACS_17Q4_NCM_CA_DGPS_AY0100_SANContactUsBrandPaidSearchCAEN_TY_INQ_CONT_,SAS|TY|ACS_17Q4_NCM_CA_DGPS_AY0100_SANContactUsBrandPaidSearchCAEN_TY_INQ_CONT_
EnterpriseSegment|Enterprise|H1|TY|OnClick|BMS_18Q1_NCM_CA_DGPS_GLOBMS_ABM,EnterpriseSegment|Enterprise|H1|TY|OnClick|BMS_18Q1_NCM_CA_DGPS_GLOBMS_ABM
SAGE France_Small-Ciel_PaiementFactureEnLigne_LP,SAGE France_Small-Ciel_PaiementFactureEnLigne_LP
P&P|FY17|Q4|LP|sagehrpayrollhero.com/us/take-the-quiz,P&P|FY17|Q4|LP|sagehrpayrollhero.com/us/take-the-quiz
BMS|SFA|FY18|Q2|LP|BMS_18Q1_NCM_NAM_DGWW_AC0800_SFAManagementSolution,BMS|SFA|FY18|Q2|LP|BMS_18Q1_NCM_NAM_DGWW_AC0800_SFAManagementSolution
Sage_BMS_Sage Business Cloud Enterprise Management__Brochure_Download_FP,Sage_BMS_Sage Business Cloud Enterprise Management__Brochure_Download_FP
Sage_BMS_Sage Enterprise Intelligence_LP,Sage_BMS_Sage Enterprise Intelligence_LP
Sage_Accountants_SBC Accounting  HandiSoft_Myssy_Customer Story_Download_LP,Sage_Accountants_SBC Accounting  HandiSoft_Myssy_Customer Story_Download_LP
Sage_Accountants_SBC Accounting  HandiSoft_TaxTalk_Customer Story_Download_LP,Sage_Accountants_SBC Accounting  HandiSoft_TaxTalk_Customer Story_Download_LP
Sage_Accountants_SBC Accounting__Customer Story_Download_LP,Sage_Accountants_SBC Accounting__Customer Story_Download_LP
Sage_BMS_SBC Enterprise Management_Baida_Customer Story_Download_LP,Sage_BMS_SBC Enterprise Management_Baida_Customer Story_Download_LP
Sage_BMS_SBC Enterprise Management_FDF_Customer Story_Download_LP,Sage_BMS_SBC Enterprise Management_FDF_Customer Story_Download_LP
Sage_BMS_SBC Enterprise Management_Sherwood_Customer Story_Download_LP,Sage_BMS_SBC Enterprise Management_Sherwood_Customer Story_Download_LP
Sage_Payroll HR_ConnX__Customer Story_Download_LP,Sage_Payroll HR_ConnX__Customer Story_Download_LP
Sage_Payroll HR_MicrOpay_Boart Longyear_Customer Story_Download_LP,Sage_Payroll HR_MicrOpay_Boart Longyear_Customer Story_Download_LP
Sage_Payroll HR_MicrOpay_Finncare_Customer Story_Download_LP,Sage_Payroll HR_MicrOpay_Finncare_Customer Story_Download_LP
Sage_Payroll HR_MicrOpay_Ngala_Customer Story_Download_LP,Sage_Payroll HR_MicrOpay_Ngala_Customer Story_Download_LP
Sage_Payroll HR_MicrOpay_Otis_Customer Story_Download_LP,Sage_Payroll HR_MicrOpay_Otis_Customer Story_Download_LP
Sage_Payroll HR_MicrOpay_Pickles Auctions_Customer Story_Download_LP,Sage_Payroll HR_MicrOpay_Pickles Auctions_Customer Story_Download_LP
Sage_Payroll HR_MicrOpay_SALDA_Customer Story_Download_LP,Sage_Payroll HR_MicrOpay_SALDA_Customer Story_Download_LP
Sage_Payroll HR_MicrOpay_Southport Sharks_Customer Story_Download_LP,Sage_Payroll HR_MicrOpay_Southport Sharks_Customer Story_Download_LP
Sage_Payroll HR_MicrOpay_Vicdeaf_Customer Story_Download_LP,Sage_Payroll HR_MicrOpay_Vicdeaf_Customer Story_Download_LP
Sage_Payroll HR_MicrOpay_Wests Ashfield Leagues Club_Customer Story_Download_LP,Sage_Payroll HR_MicrOpay_Wests Ashfield Leagues Club_Customer Story_Download_LP
Sage_Payroll HR_MicrOpay_Westside Christian College_Customer Story_Download_LP,Sage_Payroll HR_MicrOpay_Westside Christian College_Customer Story_Download_LP
Sage_BMS_Sage Business Cloud Enterprise Management_Mining_Whitepaper_Download_FP,Sage_BMS_Sage Business Cloud Enterprise Management_Mining_Whitepaper_Download_FP
Africa_BMS_CONV_CONT_,Africa_BMS_CONV_CONT_
SAGE_Local_300_People_Contact_Confirmation_CONV_ZA_CONT_,SAGE_Local_300_People_Contact_Confirmation_CONV_ZA_CONT_
Sage_ME_ContactUs_E-Mail_LinkClick_Engagement_ZA_v1,Sage_ME_ContactUs_E-Mail_LinkClick_Engagement_ZA_v1
MiddleEast_Business Cloud_CONV_CONT_,MiddleEast_Business Cloud_CONV_CONT_
SAGE_Local_Accounting_Book_Keeping_Landing_Page_ZA,SAGE_Local_Accounting_Book_Keeping_Landing_Page_ZA
Sage-BMS_FY18_Q3_TH_OnClick_Getreports_FP,Sage-BMS_FY18_Q3_TH_OnClick_Getreports_FP
Sage_Accountants_General Accountants_Enquiry_Contact_Request_Callback_CONT_FP,Sage_Accountants_General Accountants_Enquiry_Contact_Request_Callback_CONT_FP
SAGE_FRANCE_promail_form_ensavoir_plus_CONV_ITRS_,SAGE_FRANCE_promail_form_ensavoir_plus_CONV_ITRS_
BMS|FY18|Q3|TY|BMS_18Q1_C4L_GBIE_DGEO_ER0470_200cO365launch_LP2_DOWN_,BMS|FY18|Q3|TY|BMS_18Q1_C4L_GBIE_DGEO_ER0470_200cO365launch_LP2_DOWN_
LIve|FY17|Q2|Conv|ACG_16Q4_NCM_US_CPCC_ER0260_GuidedTour_INQ,LIve|FY17|Q2|Conv|ACG_16Q4_NCM_US_CPCC_ER0260_GuidedTour_INQ
People&Payroll|People|FY18|Q1|LP|HRP_18Q1_NCM_CAEN_DGWW_HR0810_SageBusinessCloud_researchreport,People&Payroll|People|FY18|Q1|LP|HRP_18Q1_NCM_CAEN_DGWW_HR0810_SageBusinessCloud_researchreport
SAGE France_Small-Ciel_PaiementFactureEnLigne_ComptaFacturation_TestGratuit_CONV,SAGE France_Small-Ciel_PaiementFactureEnLigne_ComptaFacturation_TestGratuit_CONV
SAGE_Local_300_Intelligence_Reporting_Landing_Page_ZA,SAGE_Local_300_Intelligence_Reporting_Landing_Page_ZA
SAGE_Local_Business_Intelligence_Landing_Page_ZA,SAGE_Local_Business_Intelligence_Landing_Page_ZA
CRE|FY17|Q4|TY|cre-assessment-tool.com/s/business-efficiency_CONT_,CRE|FY17|Q4|TY|cre-assessment-tool.com/s/business-efficiency_CONT_
SAGE_Local_Pay_Now_Landing_Page_ZA,SAGE_Local_Pay_Now_Landing_Page_ZA
Sage CRE|FY16|Q4|Landing Page|cre-assessment-tool.com/s/business-efficiency,Sage CRE|FY16|Q4|Landing Page|cre-assessment-tool.com/s/business-efficiency
s/business-efficiency,s/business-efficiency
Sage Global_Accounting Landing page ZA,Sage Global_Accounting Landing page ZA
SAGE_Local_AccountingOne_Landing_Page_ZA,SAGE_Local_AccountingOne_Landing_Page_ZA
MiddleEast_BMS_CONV_CONT_,MiddleEast_BMS_CONV_CONT_
HR&P-EasyPaySG_FY18_Q3_SG_FP_Page Load_Contact our Consultants Now,HR&P-EasyPaySG_FY18_Q3_SG_FP_Page Load_Contact our Consultants Now
SageEnterpriseManagement_FY18_Q3_SG_FP_Page Load_Contact our Consultants Now,SageEnterpriseManagement_FY18_Q3_SG_FP_Page Load_Contact our Consultants Now
Sage-BMSManufacturing_FY18_Q3_TH_Pageload_LP,Sage-BMSManufacturing_FY18_Q3_TH_Pageload_LP
Sage-BMSdistribution_FY18_Q3_TH_OnClick_Requestademo_FP,Sage-BMSdistribution_FY18_Q3_TH_OnClick_Requestademo_FP
Sage-BMSdistribution_FY18_Q3_TH_Pageload_LP,Sage-BMSdistribution_FY18_Q3_TH_Pageload_LP
Sage_BMS_Sage Inventory_LP,Sage_BMS_Sage Inventory_LP
Sage_payroll & HR_Enable HR_LP,Sage_payroll & HR_Enable HR_LP
Sage_Accounting & Practice Management_HandiLedger__Factsheet_Download_FP,Sage_Accounting & Practice Management_HandiLedger__Factsheet_Download_FP
SAGE FRANCE_SageFr_PageThankyou_demo_CONV_ITRS_,SAGE FRANCE_SageFr_PageThankyou_demo_CONV_ITRS_
BMS|FY17|Q4|TY|en-gb/contact/thank_you_demo_ITRS_,BMS|FY17|Q4|TY|en-gb/contact/thank_you_demo_ITRS_
Upgrade_v2,Upgrade_v2
Sage_BMS_Sage CRM__Brochure_Download_FP,Sage_BMS_Sage CRM__Brochure_Download_FP
2018|Q4|Sage|ZA|Accounting Medium Segment|_ACGRC_|Programmatic|D010118POH000451|_CONT_|SagePay getafreequote,2018|Q4|Sage|ZA|Accounting Medium Segment|_ACGRC_|Programmatic|D010118POH000451|_CONT_|SagePay getafreequote
Sage_HR_Suite_Produktour_HighValue_landing.sage.de/sage-hr-suite/sage-hr-suite-produkttour-danke/_SHRS_mql_CONV_ITRS_,Sage_HR_Suite_Produktour_HighValue_landing.sage.de/sage-hr-suite/sage-hr-suite-produkttour-danke/_SHRS_mql_CONV_ITRS_
Sage_Global_CloudCategory_GuidedTour_FreeDemo_CONV_INQ_ZA_ITRS_,Sage_Global_CloudCategory_GuidedTour_FreeDemo_CONV_INQ_ZA_ITRS_
SAGE_IE 50c Essentials Trial_ITRS_,SAGE_IE 50c Essentials Trial_ITRS_
Sage_Accountants_HandiSoft_Whitepaper_Download_Embrace_New Generation_DOWN_TY,Sage_Accountants_HandiSoft_Whitepaper_Download_Embrace_New Generation_DOWN_TY
Africa_Payroll_CONV_ITRS_,Africa_Payroll_CONV_ITRS_
Sage-BMSdistribution_FY18_Q3_TH_FP_OnClick_Accessreport_FP,Sage-BMSdistribution_FY18_Q3_TH_FP_OnClick_Accessreport_FP
Sage-BMSdistribution_FY18_Q3_TH_FP_OnClick_Getreports_FP,Sage-BMSdistribution_FY18_Q3_TH_FP_OnClick_Getreports_FP
Sage_Payroll & HR_MicrOpay_Free_Trial_Demo_FP,Sage_Payroll & HR_MicrOpay_Free_Trial_Demo_FP
SAGE France_P&P_Demo_Button1_CONV_ITRS_,SAGE France_P&P_Demo_Button1_CONV_ITRS_
Accounting|FY18|Q1|TY|self-assessment-thanks_DOWN_,Accounting|FY18|Q1|TY|self-assessment-thanks_DOWN_
Sage 200 Standard Online Confirmation_v2_ITRS_,Sage 200 Standard Online Confirmation_v2_ITRS_
P&P|FY18|Q1|TY|about-us/contact/thank-you_CONT_,P&P|FY18|Q1|TY|about-us/contact/thank-you_CONT_
Accountants|F717|Q4|LP|ACS_17Q3_NCM_GA_Gamification_Start,Accountants|F717|Q4|LP|ACS_17Q3_NCM_GA_Gamification_Start
CRE|FY17|Q4|TY|Sage100CRE-PPC-ViewDemo-TY_ITRS_,CRE|FY17|Q4|TY|Sage100CRE-PPC-ViewDemo-TY_ITRS_
BMS|FY17|Q4|LP|BMS_16Q4_NCM_US_DGEE_GLOBMS_SageNeedsIdentifierTool_LP,BMS|FY17|Q4|LP|BMS_16Q4_NCM_US_DGEE_GLOBMS_SageNeedsIdentifierTool_LP
BMS|FY17|Q4|TY|BMS_16Q4_NCM_US_DGEE_GLOBMS_SageNeedsIndentifierTool_Result_INQ_CONT_,BMS|FY17|Q4|TY|BMS_16Q4_NCM_US_DGEE_GLOBMS_SageNeedsIndentifierTool_Result_INQ_CONT_
Accountants|FY18|Q2|LP|ACS_18Q2_NCM_US_DGSP_GLACCT_NumberCruncherFacebookLeadGenCardUS,Accountants|FY18|Q2|LP|ACS_18Q2_NCM_US_DGSP_GLACCT_NumberCruncherFacebookLeadGenCardUS
C4L|50US|FY18|Q1|LP|ACG_18Q1_C4L_US_DGWW_AC3010_50cUpsellCampaign50to50cLandingPagePromo,C4L|50US|FY18|Q1|LP|ACG_18Q1_C4L_US_DGWW_AC3010_50cUpsellCampaign50to50cLandingPagePromo
Sage_Accounting & Practice Management_HandiRegister__Factsheet_Download_FP,Sage_Accounting & Practice Management_HandiRegister__Factsheet_Download_FP
Sage_BMS_SBC Enterprise Management_Customer Story_Download_Baida_DOWN_LP,Sage_BMS_SBC Enterprise Management_Customer Story_Download_Baida_DOWN_LP
Sage_Accounting & Practice Management_Superfund__Enquiry_Contact_FP,Sage_Accounting & Practice Management_Superfund__Enquiry_Contact_FP
Sage_Accounting & Practice Management_Superfund__Factsheet_Download_FP,Sage_Accounting & Practice Management_Superfund__Factsheet_Download_FP
Sage_Global_BMS_PDFDownloadEvent_GetGuide_ZA_DOWN_,Sage_Global_BMS_PDFDownloadEvent_GetGuide_ZA_DOWN_
Sage_Global_BMS_PDFDownloadEvent_ReadTheSigns_ZA_DOWN_,Sage_Global_BMS_PDFDownloadEvent_ReadTheSigns_ZA_DOWN_
SAGE_LocalHR&PayrollOne_Landing_Page_ZA,SAGE_LocalHR&PayrollOne_Landing_Page_ZA
Sage_Global_BMS_Confirmation_X3_RequestProductTour_INQ_CONV_ZA_ITRS_,Sage_Global_BMS_Confirmation_X3_RequestProductTour_INQ_CONV_ZA_ITRS_
SageBMSCategory_FY18_Q3_SG_FP_Page load_Request Business Demo,SageBMSCategory_FY18_Q3_SG_FP_Page load_Request Business Demo
SageBMSCategory_FY18_Q3_SG_FP_Page load_Request Business Review,SageBMSCategory_FY18_Q3_SG_FP_Page load_Request Business Review
Sage-BMSManufacturing_FY18_Q3_TH_sagex3_OnClick_Requestademo_FP,Sage-BMSManufacturing_FY18_Q3_TH_sagex3_OnClick_Requestademo_FP
Sage_BMS_Sage Business Cloud Enterprise Management_Whitepaper_Download_Mining_DOWN_TY,Sage_BMS_Sage Business Cloud Enterprise Management_Whitepaper_Download_Mining_DOWN_TY
SAGE FRANCE_SageONE_Try_LP,SAGE FRANCE_SageONE_Try_LP
Sage Live Homepage_v2,Sage Live Homepage_v2
BMS|FY18|Q1|TY|4ReasonstoUpgrade_DOWN_,BMS|FY18|Q1|TY|4ReasonstoUpgrade_DOWN_
Accountants|FY17|Q2|LP|us/accountant/embrace-the-opportunity/,Accountants|FY17|Q2|LP|us/accountant/embrace-the-opportunity/
BMS|FY17|Q4|LP|12340_US-Sage-Demo,BMS|FY17|Q4|LP|12340_US-Sage-Demo
Staff Pay LP,Staff Pay LP
SageONE_Prueba ES_OC,SageONE_Prueba ES_OC
SAGE_Local_Intelligence_GetStarted_ButtonClick,SAGE_Local_Intelligence_GetStarted_ButtonClick
BMS_TYP CallMe Form OPL_CONT_ES,BMS_TYP CallMe Form OPL_CONT_ES
Sage_PROFESSIONAL SERVICE_Payroll Training_Professional Services_Contact__CONT_FP,Sage_PROFESSIONAL SERVICE_Payroll Training_Professional Services_Contact__CONT_FP
SAGE_Local_Pastel_Evolution_Premium_Confirmation_CONV_ZA_ITRS_,SAGE_Local_Pastel_Evolution_Premium_Confirmation_CONV_ZA_ITRS_
SAGE_Local_Pastel_Intelligence_Reporting_Landing_Page_ZA,SAGE_Local_Pastel_Intelligence_Reporting_Landing_Page_ZA
SAGE_Local_Inventory_Management_Landing_Page_ZA,SAGE_Local_Inventory_Management_Landing_Page_ZA
SAGE France_ONE_Try_CONV_ITRS_,SAGE France_ONE_Try_CONV_ITRS_
Sage AD_Exchange,Sage AD_Exchange
Sage Pay_Email Confirmation_v2_CONT_,Sage Pay_Email Confirmation_v2_CONT_
Accounting|FY17|Q4|TY|sageone/excel-tipsandtricks_DOWN_,Accounting|FY17|Q4|TY|sageone/excel-tipsandtricks_DOWN_
People&Payroll|People|FY18|Q2|LP|sagepeople.com/forrester-report,People&Payroll|People|FY18|Q2|LP|sagepeople.com/forrester-report
Sage_Accounting & Practice Management_Workpapers_Factsheet_Download__DOWN_TY,Sage_Accounting & Practice Management_Workpapers_Factsheet_Download__DOWN_TY
Sage_Accountants_Accountants_Download_DOWN_TY,Sage_Accountants_Accountants_Download_DOWN_TY
Sage_Accountants_General Accountants_Whitepaper_Download_For_Change_DOWN_TY,Sage_Accountants_General Accountants_Whitepaper_Download_For_Change_DOWN_TY
Sage_Accountants_HandiSoft_Whitepaper_Download_Advisory_Services_DOWN_TY,Sage_Accountants_HandiSoft_Whitepaper_Download_Advisory_Services_DOWN_TY
Sage_Accountants_HandiSoft_Whitepaper_Download_Future_proof_DOWN_TY,Sage_Accountants_HandiSoft_Whitepaper_Download_Future_proof_DOWN_TY
Sage_Accountants_Read it today _ future proof your practice _Contact_CONT_TY,Sage_Accountants_Read it today _ future proof your practice _Contact_CONT_TY
Sage_Accountants_HandiSoft_Whitepaper_Download__DOWN_FP,Sage_Accountants_HandiSoft_Whitepaper_Download__DOWN_FP
Sage_Accounting & Practice Management_Document Manager__Factsheet_Download_FP,Sage_Accounting & Practice Management_Document Manager__Factsheet_Download_FP
Accounting|FY18|Q1|TY|payroll-year-end_DOWN_,Accounting|FY18|Q1|TY|payroll-year-end_DOWN_
Sage Global_HR/Payroll Landing page ES,Sage Global_HR/Payroll Landing page ES
Sage_HRPayroll_Confirmation_Page_Contact_CONT_ES,Sage_HRPayroll_Confirmation_Page_Contact_CONT_ES
HRMS Payroll Inhouse TY Page,HRMS Payroll Inhouse TY Page
HRMS Unified Payroll LP,HRMS Unified Payroll LP
Sage_payroll & HR_Sage Data centre_Contact_FP,Sage_payroll & HR_Sage Data centre_Contact_FP
Sage_People_Sage Business Cloud People_Contact_CONT_TY,Sage_People_Sage Business Cloud People_Contact_CONT_TY
Sage_People_Sage Business Cloud People_Webiner_Signup_CONT_LP,Sage_People_Sage Business Cloud People_Webiner_Signup_CONT_LP
MiddleEast_Payroll_CONV_CONT_,MiddleEast_Payroll_CONV_CONT_
HRP EasyPay_FY18_Q3_FP_Page load _Contact our consultant now,HRP EasyPay_FY18_Q3_FP_Page load _Contact our consultant now
Sage-BMSManufacturing_FY18_Q3_TH_sagex3_OnClick_TY_ITRS_,Sage-BMSManufacturing_FY18_Q3_TH_sagex3_OnClick_TY_ITRS_
Sage-BMS_FY18_Q3_TH_OnClick_TY_sagex3_TY_ITRS_,Sage-BMS_FY18_Q3_TH_OnClick_TY_sagex3_TY_ITRS_
Sage-BMSdistribution_FY18_Q3_TH_sagex3_OnClick_TY_ITRS_,Sage-BMSdistribution_FY18_Q3_TH_sagex3_OnClick_TY_ITRS_
Sage_BMS_Sage 300 Online_Brochure_Download_Small_Business__FP,Sage_BMS_Sage 300 Online_Brochure_Download_Small_Business__FP
Sage_payroll & HR_Sage Payroll Outsourcing_Contact_FP,Sage_payroll & HR_Sage Payroll Outsourcing_Contact_FP
Sage AD_Cloud,Sage AD_Cloud
Sage Impact Impact Landing Page_v2,Sage Impact Impact Landing Page_v2
S50CA_010416_NCA_DC_Sage50_D-0516_CAEN_Buy-Lic_v2,S50CA_010416_NCA_DC_Sage50_D-0516_CAEN_Buy-Lic_v2
50 US GSP Form Fill_TY_ v_2,50 US GSP Form Fill_TY_ v_2
SageOne_030116_NCA_GA_PPC_D-0924-0002_US_ComplimentaryInvoices,SageOne_030116_NCA_GA_PPC_D-0924-0002_US_ComplimentaryInvoices
Sage_BMS_Keeping a Clear Head landing page_Landing page _LP_,Sage_BMS_Keeping a Clear Head landing page_Landing page _LP_
Sage_BMS_BMS thank you page_Contact_CONT_TY_,Sage_BMS_BMS thank you page_Contact_CONT_TY_
Sage_BMS_BMS_Contact_CONT_TY,Sage_BMS_BMS_Contact_CONT_TY
Sage_BMS_Sage Business Cloud Enterprise Management_Food and Beverage eBook_Whitepaper_Download_FP,Sage_BMS_Sage Business Cloud Enterprise Management_Food and Beverage eBook_Whitepaper_Download_FP
Sage_PROFESSIONAL SERVICE_Data Care_Professional Services_Contact__CONT_TY,Sage_PROFESSIONAL SERVICE_Data Care_Professional Services_Contact__CONT_TY
Sage_PROFESSIONAL SERVICE_Express Super_Professional Services_Contact__CONT_TY,Sage_PROFESSIONAL SERVICE_Express Super_Professional Services_Contact__CONT_TY
SAGE_Local_BMS_Products_Evolution_Landing_Page_ZA,SAGE_Local_BMS_Products_Evolution_Landing_Page_ZA
EnterpriseManagementHK_FY18_Q3_LP_Page Load,EnterpriseManagementHK_FY18_Q3_LP_Page Load
Sage_Brand_Sage buisness cloud _Enquiry__CONT_TY,Sage_Brand_Sage buisness cloud _Enquiry__CONT_TY
Sage_BMS_Sage buisness cloud_Brochure_Category _Down_TY,Sage_BMS_Sage buisness cloud_Brochure_Category _Down_TY
Sage_Accounting & Practice Management_HandiLedger__Enquiry_Contact_FP,Sage_Accounting & Practice Management_HandiLedger__Enquiry_Contact_FP
Sage|Sage50CA|EN|CanadaPost|Oct2016,Sage|Sage50CA|EN|CanadaPost|Oct2016
Sage_Payroll &HR_Sage Wage Easy_Brochure_Download__DOWN_TY,Sage_Payroll &HR_Sage Wage Easy_Brochure_Download__DOWN_TY
SAGE_Global_ME_BMS_RequestDemo_Complete_CONV_ZA_ITRS_,SAGE_Global_ME_BMS_RequestDemo_Complete_CONV_ZA_ITRS_
Sage_Accounting_Sage UBS_Enquiry__CONT_TY,Sage_Accounting_Sage UBS_Enquiry__CONT_TY
EnterpriseManagementMY_FY18_Q3_TY_On Click _Submit_Submit_CONT_,EnterpriseManagementMY_FY18_Q3_TY_On Click _Submit_Submit_CONT_
Sage_BMS_Sage buisness cloud _Enquiry__CONT_TY,Sage_BMS_Sage buisness cloud _Enquiry__CONT_TY
Sage_BMS_Sage buisness cloud _Enquiry__DOWN_TY,Sage_BMS_Sage buisness cloud _Enquiry__DOWN_TY
Sage_Payroll & HR_Sage Payroll Online__Enquiry_Contact_FP,Sage_Payroll & HR_Sage Payroll Online__Enquiry_Contact_FP
Sage_Sage-Summit_LP_Accueil,Sage_Sage-Summit_LP_Accueil
Sage_SME_General - Accounting_ Sweating_Whitepaper_Download_FP,Sage_SME_General - Accounting_ Sweating_Whitepaper_Download_FP
Sage_SME_General - Accounting_Domino Effect_Whitepaper_Download_FP,Sage_SME_General - Accounting_Domino Effect_Whitepaper_Download_FP
Sage_Accounting & Practice Management_DataSecure__Factsheet_Download_FP,Sage_Accounting & Practice Management_DataSecure__Factsheet_Download_FP
Sage Live_Inquiries_Whitepaper-PDF-URL_Infographic Download Clevere Geschäftsideen basierend auf Salesforce1_INQ_SGL_CONV_DOWN_,Sage Live_Inquiries_Whitepaper-PDF-URL_Infographic Download Clevere Geschäftsideen basierend auf Salesforce1_INQ_SGL_CONV_DOWN_
Sage Live_trial submissions_Button onClick_Demo Trail_SGL_CONV_ITRS_,Sage Live_trial submissions_Button onClick_Demo Trail_SGL_CONV_ITRS_
Pi e-Comm Form Fill,Pi e-Comm Form Fill
Sage_Accountants_Practice Intelligence_Contact_FP,Sage_Accountants_Practice Intelligence_Contact_FP
Sage_Accounting & Practice Management_HandiTrust__Factsheet_Download_FP,Sage_Accounting & Practice Management_HandiTrust__Factsheet_Download_FP
Sage_GENERAL___Partners_Contact_FP,Sage_GENERAL___Partners_Contact_FP
SAGE_Local_Payroll_VIP_Products_Confirmation_ITRS_ZA,SAGE_Local_Payroll_VIP_Products_Confirmation_ITRS_ZA
Sage_PRF_300_People_ContactAdvisor_INQ_CONT_ZA,Sage_PRF_300_People_ContactAdvisor_INQ_CONT_ZA
Sage_Local_EOS_RequestAQuote_Confirm_ZA_ITRS_,Sage_Local_EOS_RequestAQuote_Confirm_ZA_ITRS_
SAGE_Local_Payment_Solutions_PayNow_INQ_ZA_CONT_,SAGE_Local_Payment_Solutions_PayNow_INQ_ZA_CONT_
Sage_HRP_Sage HR and payroll_Enquiry__CONT_TY,Sage_HRP_Sage HR and payroll_Enquiry__CONT_TY
Sage_BMS_Eliminate manufacturing operational pressures landing page_Landing page _LP_,Sage_BMS_Eliminate manufacturing operational pressures landing page_Landing page _LP_
Sage_Payroll &HR_EnableHR_Brochure_Download__DOWN_TY,Sage_Payroll &HR_EnableHR_Brochure_Download__DOWN_TY
Sage_Payroll &HR_EnableHR__Brochure_Download_FP,Sage_Payroll &HR_EnableHR__Brochure_Download_FP
Sage.ie Homepage,Sage.ie Homepage
Sage.ie Payroll Software Page,Sage.ie Payroll Software Page
Accountants|FY17|Q3|LP|ACS_17Q3_NCM_CA_DGWW_GLACCT_PracticeOfNowReportLandingPageCAEN,Accountants|FY17|Q3|LP|ACS_17Q3_NCM_CA_DGWW_GLACCT_PracticeOfNowReportLandingPageCAEN
CRE|FY17|Q4|TY|BMS_17Q3_NCM_NAM_DGWW_AC1450_CREFY17BuildOnDisplay_TY_CONT_,CRE|FY17|Q4|TY|BMS_17Q3_NCM_NAM_DGWW_AC1450_CREFY17BuildOnDisplay_TY_CONT_
Sage_Accountants_Time Billing_Contact_CONT_TY,Sage_Accountants_Time Billing_Contact_CONT_TY
Sage_Accounting & Practice Management_DataSecure__Enquiry_Contact_FP,Sage_Accounting & Practice Management_DataSecure__Enquiry_Contact_FP
Sage_Accounting & Practice Management_Time + Billing__Enquiry_Contact_FP,Sage_Accounting & Practice Management_Time + Billing__Enquiry_Contact_FP
Sage_BMS_Sage Business Cloud Enterprise Management_Disruptive Manufacturing_Whitepaper_Download_FP,Sage_BMS_Sage Business Cloud Enterprise Management_Disruptive Manufacturing_Whitepaper_Download_FP
Sage_Payroll & HR_MicrOpay__Whitepaper_Download_FP,Sage_Payroll & HR_MicrOpay__Whitepaper_Download_FP
Sage_Accounting & Practice Management_HandiBiz_Factsheet_Download__DOWN_TY,Sage_Accounting & Practice Management_HandiBiz_Factsheet_Download__DOWN_TY
Sage_Accounting & Practice Management_HandiBiz__Factsheet_Download_FP,Sage_Accounting & Practice Management_HandiBiz__Factsheet_Download_FP
Sage_Sage Business Cloud_Sage Business Cloud Enterprise Management__Free_Trial_Demo_FP,Sage_Sage Business Cloud_Sage Business Cloud Enterprise Management__Free_Trial_Demo_FP
Sage.ie Accounting Software Page,Sage.ie Accounting Software Page
Sage One Payroll Landing Page,Sage One Payroll Landing Page
SageX3_Homepage,SageX3_Homepage
SAGE France_Sage30_Online_Home_LP,SAGE France_Sage30_Online_Home_LP
Sage_AU_Accounting Solution_Money Management cash flow download _On click_DOWN_,Sage_AU_Accounting Solution_Money Management cash flow download _On click_DOWN_
Sage_Accounting & Practice Management_HandiSecurity__Factsheet_Download_FP,Sage_Accounting & Practice Management_HandiSecurity__Factsheet_Download_FP
Sage_PROFESSIONAL SERVICE_Data Care__Brochure_Download_FP,Sage_PROFESSIONAL SERVICE_Data Care__Brochure_Download_FP
BMSCategoryHK_FY18_Q3_LP_Page Load,BMSCategoryHK_FY18_Q3_LP_Page Load
SageBMSCategory_FY18_Q3_LP_Page Load,SageBMSCategory_FY18_Q3_LP_Page Load
Sage_AU_Accounting Solution_Sage live contact form _LP_,Sage_AU_Accounting Solution_Sage live contact form _LP_
Sage_Accounting_SageLive_Contact_FP,Sage_Accounting_SageLive_Contact_FP
Sage_Sage Business Cloud_Sage Business Cloud People__Enquiry_Contact_FP,Sage_Sage Business Cloud_Sage Business Cloud People__Enquiry_Contact_FP
Sage Cross Call_TYP_OPL_ES_CONT_,Sage Cross Call_TYP_OPL_ES_CONT_
Accounting|FY18|Q1|LP|seven-top-tips-filling-self-assessment-tax-returns,Accounting|FY18|Q1|LP|seven-top-tips-filling-self-assessment-tax-returns
SAGEFRANCE_Sage_AFRICA Tour_Maroc1_LP,SAGEFRANCE_Sage_AFRICA Tour_Maroc1_LP
Sage_Accounting & Practice Management_Workpapers__Enquiry_Contact_FP,Sage_Accounting & Practice Management_Workpapers__Enquiry_Contact_FP
Sage_Payroll & HR_People_LP,Sage_Payroll & HR_People_LP
Sage_BMS_Sage buisness cloud _Demo_Distribution_ITRS_TY,Sage_BMS_Sage buisness cloud _Demo_Distribution_ITRS_TY
CRE|FY17|Q1|Conversion Page|Flex|business efficiency/thank you_INQ_CONT_,CRE|FY17|Q1|Conversion Page|Flex|business efficiency/thank you_INQ_CONT_
Sage CRE|FY16|Q4|Conversion Page|Business-efficiency/thankyou_INQ,Sage CRE|FY16|Q4|Conversion Page|Business-efficiency/thankyou_INQ
s/business-efficiency/change-order-management,s/business-efficiency/change-order-management
s/business-efficiency/job-cost-management,s/business-efficiency/job-cost-management
s/business-efficiency/payroll,s/business-efficiency/payroll
s/business-efficiency/service-management,s/business-efficiency/service-management
s/business-efficiency/subcontractor-compliance,s/business-efficiency/subcontractor-compliance
s/business-efficiency/win-work,s/business-efficiency/win-work
Sage_Payroll & HR_Sage BI Reporting Enquiry__Enquiry_Contact_FP,Sage_Payroll & HR_Sage BI Reporting Enquiry__Enquiry_Contact_FP
SAGE France_Small-Ciel_PaiementFactureEnLigne_ComptaFacturation_DécouvrirLOffre_CONV,SAGE France_Small-Ciel_PaiementFactureEnLigne_ComptaFacturation_DécouvrirLOffre_CONV
Sage_PROFESSIONAL SERVICE_Outsourcing_Brochure_Download__DOWN_TY,Sage_PROFESSIONAL SERVICE_Outsourcing_Brochure_Download__DOWN_TY
Sage_Accounting_Sage buisness cloud _Demo__ITRS_TY,Sage_Accounting_Sage buisness cloud _Demo__ITRS_TY
Sage_Accounting & Practice Management_HandiRegister_Factsheet_Download__DOWN_TY,Sage_Accounting & Practice Management_HandiRegister_Factsheet_Download__DOWN_TY
SAGE France_Small-Ciel_PaiementFactureEnLigne_Facturation_TestGratuit_CONV,SAGE France_Small-Ciel_PaiementFactureEnLigne_Facturation_TestGratuit_CONV
50 US GSP Form Fill TY,50 US GSP Form Fill TY
P&P|FY17|Q4|LP|sagehrpayrollhero.com/us/solutions-payroll,P&P|FY17|Q4|LP|sagehrpayrollhero.com/us/solutions-payroll
Sage_HRP_Sage HR and payroll_Enquiry__DOWN_TY,Sage_HRP_Sage HR and payroll_Enquiry__DOWN_TY
Sage_HRP_Sage 300 people_brochure__DOWN_TY,Sage_HRP_Sage 300 people_brochure__DOWN_TY
HR&P-EasyPaySG_FY18_Q3_SG_TY_On Click_Submit_CONT_,HR&P-EasyPaySG_FY18_Q3_SG_TY_On Click_Submit_CONT_
Sage_Accounting & Practice Management_HandiAsset__Factsheet_Download_FP,Sage_Accounting & Practice Management_HandiAsset__Factsheet_Download_FP
Sage_LojaSage Purchase Confirmation_PT_OPL_CONV_IBUY_,Sage_LojaSage Purchase Confirmation_PT_OPL_CONV_IBUY_
Accountants|FY18|Q2|LP|ACS_18Q2_NCM_CAEN_DGAD_GLACCT_NumberCruncherDisplayCAEN,Accountants|FY18|Q2|LP|ACS_18Q2_NCM_CAEN_DGAD_GLACCT_NumberCruncherDisplayCAEN
Sage_Accountants_HandiSecurity_Contact_CONT_TY,Sage_Accountants_HandiSecurity_Contact_CONT_TY
Sage_Accountants_HandiSecurity_Contact_FP,Sage_Accountants_HandiSecurity_Contact_FP
Sage_Accounting & Practice Management_HandiSecurity__Enquiry_Contact_FP,Sage_Accounting & Practice Management_HandiSecurity__Enquiry_Contact_FP
Sage_HRP_Sage easy pay_Brochure_Hr & Payroll_DOWN_TY,Sage_HRP_Sage easy pay_Brochure_Hr & Payroll_DOWN_TY
Sage Pay_Application Confirmation_APPL_,Sage Pay_Application Confirmation_APPL_
SAGEFRANCE__Accounting_emailccm_sage100_LP,SAGEFRANCE__Accounting_emailccm_sage100_LP
Sage_Payroll HR_MicrOpay_Customer Story_Download_Finncare_DOWN_LP,Sage_Payroll HR_MicrOpay_Customer Story_Download_Finncare_DOWN_LP
Sage_Payroll HR_MicrOpay_Customer Story_Download_Otis_DOWN_LP,Sage_Payroll HR_MicrOpay_Customer Story_Download_Otis_DOWN_LP
Sage_Payroll HR_MicrOpay_Customer Story_Download_Wests Ashfield Leagues Club_DOWN_LP,Sage_Payroll HR_MicrOpay_Customer Story_Download_Wests Ashfield Leagues Club_DOWN_LP
Sage_Payroll HR_MicrOpay_Customer Story_Download_Westside Christian College_DOWN_LP,Sage_Payroll HR_MicrOpay_Customer Story_Download_Westside Christian College_DOWN_LP
SAGE_50_ME_Remarketing_ZA,SAGE_50_ME_Remarketing_ZA
Live|CA|FR|FY17|Q2|Conversion|/ca/fr/sage-live/prix,Live|CA|FR|FY17|Q2|Conversion|/ca/fr/sage-live/prix
Live|CA|FR|FY17|Q2|LandingPage|/ca/fr/sage-live/prix,Live|CA|FR|FY17|Q2|LandingPage|/ca/fr/sage-live/prix
CrossSegment|People|FY19|H1|TY|OnClick|DwnldCaseStudy|CA_DGWW_HR0810_SageBusinessCloudPeople_DOWN_,CrossSegment|People|FY19|H1|TY|OnClick|DwnldCaseStudy|CA_DGWW_HR0810_SageBusinessCloudPeople_DOWN_
Sage_SmallBusinessAwards_Nominate_Complete,Sage_SmallBusinessAwards_Nominate_Complete
Sage_Awareness IE Start Business Download Guide_OC_DOWN_,Sage_Awareness IE Start Business Download Guide_OC_DOWN_
SmallSegment|50Cloud|H1|LP|ACG_19Q1_NCM_CA_DGPS_AC0750_MediaBuy,SmallSegment|50Cloud|H1|LP|ACG_19Q1_NCM_CA_DGPS_AC0750_MediaBuy
Accounting|Live|FY18|Q2|TY|OnClick|ACG_18Q1_NCM_NAM_CNCC_ER0260_GuidedTour_CONT_,Accounting|Live|FY18|Q2|TY|OnClick|ACG_18Q1_NCM_NAM_CNCC_ER0260_GuidedTour_CONT_
S1CA_ASNonBranded_GirlMug_videoFR_accounting_Extend50off_v2,S1CA_ASNonBranded_GirlMug_videoFR_accounting_Extend50off_v2
Conversion FL for Lead Form pages,Conversion FL for Lead Form pages
Sage One Transaction Dynamic tag,Sage One Transaction Dynamic tag
Sage One Trial Transaction Tag,Sage One Trial Transaction Tag
Small Business|AccountingIE|FY19|Q2|HP|Retargeting|8069567_SMBS_,Small Business|AccountingIE|FY19|Q2|HP|Retargeting|8069567_SMBS_
Small Business|HomepageIE|FY19|Q2|HP|Retargeting|8070374 _SMBS_,Small Business|HomepageIE|FY19|Q2|HP|Retargeting|8070374 _SMBS_
Dynamic_form_submission_conversion_tag,Dynamic_form_submission_conversion_tag
SAGE_France_CONV_6913078,SAGE_France_CONV_6913078
Small Business|PayrollIE|FY19|Q2|HP|Retargeting|8071808_SMBS_,Small Business|PayrollIE|FY19|Q2|HP|Retargeting|8071808_SMBS_
Sales Tag for eComm Pages,Sales Tag for eComm Pages
Sage One Return User Trial to Transaction Dynamic tag,Sage One Return User Trial to Transaction Dynamic tag
BMS|FY17|Q4|TY|ComplimentaryBusRev_TY_CONT_,BMS|FY17|Q4|TY|ComplimentaryBusRev_TY_CONT_
People&Payroll|People|FY18|Q2|LP|sagepeople.com/know-your-people/experience/research,People&Payroll|People|FY18|Q2|LP|sagepeople.com/know-your-people/experience/research
Sage_Accounting_SBC Accounting__Customer Story_Download_LP,Sage_Accounting_SBC Accounting__Customer Story_Download_LP
Sage_BMS_Sage Intelligence_LP,Sage_BMS_Sage Intelligence_LP
Sage One Direct Debit Wizard_CONV_IBUY_,Sage One Direct Debit Wizard_CONV_IBUY_
People|People|FY19|Q1|LP|keypage,People|People|FY19|Q1|LP|keypage
Sage_BMS_Sage Business Cloud Enterprise Management_End of ERP_Whitepaper_Download_FP,Sage_BMS_Sage Business Cloud Enterprise Management_End of ERP_Whitepaper_Download_FP
SAGE_Local_Pastel_Accountants_Bookkeepers_Forum_Click_To_Mail_Confirmation_CONV_ZA,SAGE_Local_Pastel_Accountants_Bookkeepers_Forum_Click_To_Mail_Confirmation_CONV_ZA
People|People|FY19|Q1|LP|webiner_CONT_,People|People|FY19|Q1|LP|webiner_CONT_
People|People|FY19|Q1|LP|contact_CONT_,People|People|FY19|Q1|LP|contact_CONT_
Live|CA|FR|FY17|Q2|Conversion|/ca/fr/sage-live/fonctions_INQ,Live|CA|FR|FY17|Q2|Conversion|/ca/fr/sage-live/fonctions_INQ
Sage_BMS_Sage 300 cloud_Enquiry__DOWN_TY,Sage_BMS_Sage 300 cloud_Enquiry__DOWN_TY
Sage_Awareness IE Cashflow Download Guide_OC_DOWN_,Sage_Awareness IE Cashflow Download Guide_OC_DOWN_
SageX3_Request Product Tour OPL_ITRS_ES,SageX3_Request Product Tour OPL_ITRS_ES
Sage_Accountants_SBC Accounting  HandiSoft_Customer Story_Download_Myssy & Co_DOWN_LP,Sage_Accountants_SBC Accounting  HandiSoft_Customer Story_Download_Myssy & Co_DOWN_LP
S50US_Trial_2_v2,S50US_Trial_2_v2
S50US_Trial_v3,S50US_Trial_v3
BMS|CA|FY17|Q2|Landing Page|www.sage.com/ca/lp/bms,BMS|CA|FY17|Q2|Landing Page|www.sage.com/ca/lp/bms
Accountants|LP|Sage50c_Accountant_Edition_Office_365_C-7192-0171_CAEN_DG_ACCTS,Accountants|LP|Sage50c_Accountant_Edition_Office_365_C-7192-0171_CAEN_DG_ACCTS
Sage_Accounting & Practice Management_Notify__Factsheet_Download_FP,Sage_Accounting & Practice Management_Notify__Factsheet_Download_FP
Sage_Accounting & Practice Management_Time + Billing_Factsheet_Download__DOWN_TY,Sage_Accounting & Practice Management_Time + Billing_Factsheet_Download__DOWN_TY
CoreFinancials|FY18|Q1|LP|ABMTechConsulting,CoreFinancials|FY18|Q1|LP|ABMTechConsulting
People|People|FY19|Q1|LP|download_DOWN_,People|People|FY19|Q1|LP|download_DOWN_
SAGE_Local_Payment_Solutions_SalarySupplierPayments_INQ_ZA_CONT_,SAGE_Local_Payment_Solutions_SalarySupplierPayments_INQ_ZA_CONT_
Sage_PROFESSIONAL SERVICE_Express Super__Brochure_Download_FP,Sage_PROFESSIONAL SERVICE_Express Super__Brochure_Download_FP
Sage_Payroll HR_MicrOpay_Customer Story_Download_Southport Sharks_DOWN_LP,Sage_Payroll HR_MicrOpay_Customer Story_Download_Southport Sharks_DOWN_LP
Sage_Gestão Landing Page_PT_OPL,Sage_Gestão Landing Page_PT_OPL
SAGE_Local_Payment_Solutions_DebitOrderCollections_INQ_ZA_CONT_,SAGE_Local_Payment_Solutions_DebitOrderCollections_INQ_ZA_CONT_
HRP 300 People_FY18_Q3_LP_Page load,HRP 300 People_FY18_Q3_LP_Page load
Sage_BMS_Sage buisness cloud _Demo_Category _ITRS_TY,Sage_BMS_Sage buisness cloud _Demo_Category _ITRS_TY
Sage_Payroll HR_MicrOpay_Customer Story_Download_Boart Longyear_DOWN_LP,Sage_Payroll HR_MicrOpay_Customer Story_Download_Boart Longyear_DOWN_LP
Sage_Payroll HR_General - Payroll HR__Enquiry_Free_Trial_FP,Sage_Payroll HR_General - Payroll HR__Enquiry_Free_Trial_FP
SageSGBrand_FY18_Q3_SG_LP_Sage300_On Click_Download Guide,SageSGBrand_FY18_Q3_SG_LP_Sage300_On Click_Download Guide
BMS|FY17|Q4|LP|100871_Sage_X3_PPC_LP_Generic,BMS|FY17|Q4|LP|100871_Sage_X3_PPC_LP_Generic
SmallSegment|50Cloud|FY19|H1|TY|OnClick|FreeTrial|ca/sage-50-accounting/try_ITRS_,SmallSegment|50Cloud|FY19|H1|TY|OnClick|FreeTrial|ca/sage-50-accounting/try_ITRS_
Sage_BMS_Sage300Online_Whitepaper_Download_DOWN_TY,Sage_BMS_Sage300Online_Whitepaper_Download_DOWN_TY
Payments|FY17|Q4|TY|thank-you-for-your-enquiry_CONT_,Payments|FY17|Q4|TY|thank-you-for-your-enquiry_CONT_
SAGE_Global_ME_BMS_RequestResource_Complete_CONV_ZA_DOWN_,SAGE_Global_ME_BMS_RequestResource_Complete_CONV_ZA_DOWN_
Sage_XRT Trial_ITRS_PT_OC_CONV,Sage_XRT Trial_ITRS_PT_OC_CONV
Sage_Global_BMS_Finance_Download3_FR_CONV_ITRS_,Sage_Global_BMS_Finance_Download3_FR_CONV_ITRS_
Sage_Global_BMS_Confirmation_BusinessReviewRequest_INQ_CONV_ZA_CONT_,Sage_Global_BMS_Confirmation_BusinessReviewRequest_INQ_CONV_ZA_CONT_
SmallSegment|MicrosoftVisa50Cloud|H1|LP|MediaInvoicePayments_TryLandingPage,SmallSegment|MicrosoftVisa50Cloud|H1|LP|MediaInvoicePayments_TryLandingPage
SmallSegment|MicrosoftVisa50Cloud|H1|LP|ACG_18Q3_C4L_CAEN_DGCS_AC0750_InvoicePayments,SmallSegment|MicrosoftVisa50Cloud|H1|LP|ACG_18Q3_C4L_CAEN_DGCS_AC0750_InvoicePayments
Sage_Accounting & Practice Management_Data Hub Accountant Edition__Free_Trial_Demo_FP,Sage_Accounting & Practice Management_Data Hub Accountant Edition__Free_Trial_Demo_FP
Sage_BMS_Sage Enterprise Intelligence__Brochure_Download_FP,Sage_BMS_Sage Enterprise Intelligence__Brochure_Download_FP
Payment Solutions Homepage - NA Site_v2,Payment Solutions Homepage - NA Site_v2
50CA|LP|ACG_17Q3_NCM_CA_DGAD_AC0750_O365,50CA|LP|ACG_17Q3_NCM_CA_DGAD_AC0750_O365
Africa_Business Cloud_CONV_CONT_,Africa_Business Cloud_CONV_CONT_
Africa_Business Cloud_CONV_DOWN_,Africa_Business Cloud_CONV_DOWN_
Africa_Business Cloud_CONV_ITRS_,Africa_Business Cloud_CONV_ITRS_
Sage_Global_AccountingCloud_Confirmation_RequestDemo_INQ_CONV_ZA_ITRS_,Sage_Global_AccountingCloud_Confirmation_RequestDemo_INQ_CONV_ZA_ITRS_
SAGE France_Small-Ciel_PaiementFactureEnLigne_Facturation_DécouvrirLOffre_CONV,SAGE France_Small-Ciel_PaiementFactureEnLigne_Facturation_DécouvrirLOffre_CONV
Sage_Payroll HR_MicrOpay_Customer Story_Download_SALDA_DOWN_LP,Sage_Payroll HR_MicrOpay_Customer Story_Download_SALDA_DOWN_LP
CoreFinancials|FY18|Q2|TY|MarchLondonEvent_CONT_,CoreFinancials|FY18|Q2|TY|MarchLondonEvent_CONT_
Sage_Accounting & Practice Management_Superfund_Factsheet_Download__DOWN_TY,Sage_Accounting & Practice Management_Superfund_Factsheet_Download__DOWN_TY
SAGE FRANCE_CIEL_revendeurs_CONV_CONT_,SAGE FRANCE_CIEL_revendeurs_CONV_CONT_
Sage MME_Customer_reviews,Sage MME_Customer_reviews
Sage MME_Distribution,Sage MME_Distribution
SmallSegment|MicrosoftVisa50Cloud|H1|TY|OnClick|MediaInvoicePayments_TryLandingPage_ITRS_,SmallSegment|MicrosoftVisa50Cloud|H1|TY|OnClick|MediaInvoicePayments_TryLandingPage_ITRS_
Construction - integrated technology in construction_DOWN_,Construction - integrated technology in construction_DOWN_
Sage_BMS_Data and Analytics_Brochure_Download__DOWN_TY,Sage_BMS_Data and Analytics_Brochure_Download__DOWN_TY
Sage_BMS_Sage Business Cloud Enterprise Management_Brochure_Download__DOWN_TY,Sage_BMS_Sage Business Cloud Enterprise Management_Brochure_Download__DOWN_TY
Sage_BMS_Sage Inventory Advisor_Brochure_Download__DOWN_TY,Sage_BMS_Sage Inventory Advisor_Brochure_Download__DOWN_TY
Sage_PROFESSIONAL SERVICE_Sage Recruitment_Professional Services_Contact__CONT_FP,Sage_PROFESSIONAL SERVICE_Sage Recruitment_Professional Services_Contact__CONT_FP
Sage_Accounting_Sage UBS_Demo__ITRS_TY,Sage_Accounting_Sage UBS_Demo__ITRS_TY
Sage Global_Accounting Landing page UK,Sage Global_Accounting Landing page UK
SAGE|X3|US|RequestDemo|Aug2016|TY_INQ,SAGE|X3|US|RequestDemo|Aug2016|TY_INQ
Sage|SageX3|US|Demo|Oct2016|TY_INQ,Sage|SageX3|US|Demo|Oct2016|TY_INQ
SAGE France_X3Cloud_Auto_Diagnostic_LP,SAGE France_X3Cloud_Auto_Diagnostic_LP
CRE|FY17|Q4|TY|cre-assessment-tool.com/s/business-efficiency/thankyou_CONT_,CRE|FY17|Q4|TY|cre-assessment-tool.com/s/business-efficiency/thankyou_CONT_
CRE|FY17|Q4|TY|cre-assessment-tool.com/s/business-efficiency/win-work_CONT_,CRE|FY17|Q4|TY|cre-assessment-tool.com/s/business-efficiency/win-work_CONT_
Sage_Gestão Trial_CONT_PT_OC,Sage_Gestão Trial_CONT_PT_OC
SageOne_030116_NCA_GA_PPC_D-0924-0002_US_ComplimentaryInvoices_Thankyou,SageOne_030116_NCA_GA_PPC_D-0924-0002_US_ComplimentaryInvoices_Thankyou
us/sage-fixed-assets,us/sage-fixed-assets
Sage_Accountants_Notify_Contact_CONT_TY,Sage_Accountants_Notify_Contact_CONT_TY
Sage_Accountants_Notify_Contact_FP,Sage_Accountants_Notify_Contact_FP
Sage_Accounting & Practice Management_Notify__Enquiry_Contact_FP,Sage_Accounting & Practice Management_Notify__Enquiry_Contact_FP
Sage_BMS_Sage 300 Online_Enquiry_Contact_Small_Business__LP,Sage_BMS_Sage 300 Online_Enquiry_Contact_Small_Business__LP
Sage_BMS_Sage 300 CRE__Enquiry_Contact_FP,Sage_BMS_Sage 300 CRE__Enquiry_Contact_FP
SageForum_Landing page ES_OPL,SageForum_Landing page ES_OPL
Accounting|Live|FY17|Q4|LP|ACG_17Q1_NCM_US_DGAD_ER0260_CAP-Accounting_Paid_Other_B_Variant_V2,Accounting|Live|FY17|Q4|LP|ACG_17Q1_NCM_US_DGAD_ER0260_CAP-Accounting_Paid_Other_B_Variant_V2
Accountants|FY18|Q2|TY|OnClick|ebook|ACS_18Q2_NCM_CAEN_DGAD_GLACCT_NumberCruncherDisplayCAEN_DOWN_,Accountants|FY18|Q2|TY|OnClick|ebook|ACS_18Q2_NCM_CAEN_DGAD_GLACCT_NumberCruncherDisplayCAEN_DOWN_
SageOne_Free 30 day trial VAT_OC,SageOne_Free 30 day trial VAT_OC
SAGE_Local_Payment_Solutions_Confirmation_CONV_ZA_CONT_,SAGE_Local_Payment_Solutions_Confirmation_CONV_ZA_CONT_
SAGE_Local_Payment_Solutions_PayNAEDO_INQ_ZA_CONT_,SAGE_Local_Payment_Solutions_PayNAEDO_INQ_ZA_CONT_
SageBMSDistribution_FY18_Q3_SG_FP_Page load_Request Business Review,SageBMSDistribution_FY18_Q3_SG_FP_Page load_Request Business Review
Sage Summit_Transactions_TYPage_SSUMMIT_CONV_TRANS_,Sage Summit_Transactions_TYPage_SSUMMIT_CONV_TRANS_
Sage Global_Accounting Landing page FR,Sage Global_Accounting Landing page FR
Sage_Accounting & Practice Management_HandiLedger_Factsheet_Download__DOWN_TY,Sage_Accounting & Practice Management_HandiLedger_Factsheet_Download__DOWN_TY
BMS Asset Download 1 Form Page_DOWN_,BMS Asset Download 1 Form Page_DOWN_
Sage_BMS_4 Reasons to Upgrade form submit_Application_FP,Sage_BMS_4 Reasons to Upgrade form submit_Application_FP
Sage_BMS_General - BMS_Whitepaper_Download_Eliminate_DOWN_FP,Sage_BMS_General - BMS_Whitepaper_Download_Eliminate_DOWN_FP
Sage_BMS_General - BMS_Whitepaper_Download_Streamline_DOWN_FP,Sage_BMS_General - BMS_Whitepaper_Download_Streamline_DOWN_FP
Sage_BMS_Streamline your business operations processes landing page_Landing page _LP_,Sage_BMS_Streamline your business operations processes landing page_Landing page _LP_
SAGE_FRANCE_BMS_Demande_Audit_ERP_contact_CONV_CONT_,SAGE_FRANCE_BMS_Demande_Audit_ERP_contact_CONV_CONT_
SAGE France_P&P_Ebook_Button_CONV_DOWN_,SAGE France_P&P_Ebook_Button_CONV_DOWN_
Enterprise|FY19|H1|TY|OnClick|DownloadWhitepaper|DGCS_ER0240_SageEnterpriseManagementCanadaFB_DOWN_,Enterprise|FY19|H1|TY|OnClick|DownloadWhitepaper|DGCS_ER0240_SageEnterpriseManagementCanadaFB_DOWN_
SAGEFRANCE_Accounting_Salesforce_LP,SAGEFRANCE_Accounting_Salesforce_LP
Sage_Accounting & Practice Management_Notify_Factsheet_Download__DOWN_TY,Sage_Accounting & Practice Management_Notify_Factsheet_Download__DOWN_TY
