profileId,id,eventTagOverrides
4616106,423419286,"{""id"": '2579564',""enabled"":'true'}|{""id"": '2587689',""enabled"":'true'}|{""id"": '2588004',""enabled"":'true'}|{""id"": '2680495',""enabled"":'true'}"
4616106,423421187,"{""id"": '2579564',""enabled"":'true'}|{""id"": '2587689',""enabled"":'true'}|{""id"": '2588004',""enabled"":'true'}|{""id"": '2680495',""enabled"":'true'}"
4616106,423422366,"{""id"": '2579564',""enabled"":'true'}|{""id"": '2587689',""enabled"":'true'}|{""id"": '2588004',""enabled"":'true'}|{""id"": '2680495',""enabled"":'true'}"
4616106,423422393,"{""id"": '2579564',""enabled"":'true'}|{""id"": '2587689',""enabled"":'true'}|{""id"": '2588004',""enabled"":'true'}|{""id"": '2680495',""enabled"":'true'}"
4616106,423422417,"{""id"": '2579564',""enabled"":'true'}|{""id"": '2587689',""enabled"":'true'}|{""id"": '2588004',""enabled"":'true'}|{""id"": '2680495',""enabled"":'true'}"
4616106,423422621,"{""id"": '2579564',""enabled"":'true'}|{""id"": '2587689',""enabled"":'true'}|{""id"": '2588004',""enabled"":'true'}|{""id"": '2680495',""enabled"":'true'}"
4616106,423422672,"{""id"": '2579564',""enabled"":'true'}|{""id"": '2587689',""enabled"":'true'}|{""id"": '2588004',""enabled"":'true'}|{""id"": '2680495',""enabled"":'true'}"
4616106,423423051,"{""id"": '2579564',""enabled"":'true'}|{""id"": '2587689',""enabled"":'true'}|{""id"": '2588004',""enabled"":'true'}|{""id"": '2680495',""enabled"":'true'}"
4616106,423515680,"{""id"": '2579564',""enabled"":'true'}|{""id"": '2587689',""enabled"":'true'}|{""id"": '2588004',""enabled"":'true'}|{""id"": '2680495',""enabled"":'true'}"
4616106,423522061,"{""id"": '2579564',""enabled"":'true'}|{""id"": '2587689',""enabled"":'true'}|{""id"": '2588004',""enabled"":'true'}|{""id"": '2680495',""enabled"":'true'}"
4616106,429748367,"{""id"": '2579564',""enabled"":'true'}|{""id"": '2587689',""enabled"":'true'}|{""id"": '2588004',""enabled"":'true'}|{""id"": '2680495',""enabled"":'true'}"
4616106,434981613,"{""id"": '2579564',""enabled"":'true'}|{""id"": '2587689',""enabled"":'true'}|{""id"": '2588004',""enabled"":'true'}|{""id"": '2680495',""enabled"":'true'}"
4616106,435093457,"{""id"": '2579564',""enabled"":'true'}|{""id"": '2587689',""enabled"":'true'}|{""id"": '2588004',""enabled"":'true'}|{""id"": '2680495',""enabled"":'true'}"
4616106,439922648,"{""id"": '2579564',""enabled"":'true'}|{""id"": '2587689',""enabled"":'true'}|{""id"": '2588004',""enabled"":'true'}|{""id"": '2680495',""enabled"":'true'}"
4616106,439936942,"{""id"": '2579564',""enabled"":'true'}|{""id"": '2587689',""enabled"":'true'}|{""id"": '2588004',""enabled"":'true'}|{""id"": '2680495',""enabled"":'true'}"
